{"stat.chestOpened":5,"stat.walkOneCm":100519,"stat.useItem.minecraft.bread":4,"stat.leaveGame":3,"stat.mineBlock.minecraft.cobblestone":1,"stat.pickup.minecraft.crafting_table":1,"stat.useItem.minecraft.log":67,"stat.useItem.minecraft.cobblestone":1,"stat.craftItem.minecraft.crafting_table":2,"stat.mineBlock.minecraft.yellow_flower":1,"stat.mineBlock.minecraft.double_plant":7,"stat.useItem.minecraft.apple":5,"stat.entityKilledBy.WitherSkeleton":1,"stat.pickup.minecraft.log":119,"stat.swimOneCm":2730,"stat.jump":548,"stat.pickup.minecraft.enchanted_book":1,"stat.fallOneCm":12218,"stat.useItem.minecraft.stone_axe":53,"stat.crouchOneCm":4755,"stat.pickup.minecraft.sapling":10,"stat.pickup.minecraft.dirt":24,"stat.useItem.minecraft.dirt":4,"stat.sprintOneCm":90339,"stat.useItem.minecraft.stone_slab2":4,"stat.pickup.minecraft.apple":4,"stat.craftItem.minecraft.stick":12,"stat.craftingTableInteraction":9,"stat.pickup.minecraft.rotten_flesh":3,"stat.pickup.minecraft.sand":1,"stat.craftItem.minecraft.planks":20,"stat.craftItem.minecraft.stone_axe":2,"stat.damageTaken":1350,"stat.mineBlock.minecraft.crafting_table":1,"stat.killEntity.Husk":4,"stat.pickup.minecraft.bread":4,"stat.mineBlock.minecraft.red_flower":3,"stat.useItem.minecraft.wooden_pickaxe":19,"stat.mobKills":6,"stat.pickup.minecraft.cobblestone":19,"stat.craftItem.minecraft.wooden_sword":1,"stat.mineBlock.minecraft.log":50,"stat.entityKilledBy.Husk":1,"stat.useItem.minecraft.golden_apple":1,"stat.flyOneCm":95295,"stat.deaths":4,"stat.pickup.minecraft.wheat_seeds":22,"stat.mineBlock.minecraft.sand":3,"stat.mineBlock.minecraft.leaves":28,"stat.playOneMinute":36278,"stat.useItem.minecraft.wooden_sword":53,"stat.entityKilledBy.Zombie":1,"stat.killEntity.Sheep":1,"stat.pickup.minecraft.red_flower":2,"stat.sneakTime":1488,"stat.damageDealt":1188,"stat.timeSinceDeath":0,"stat.mineBlock.minecraft.dirt":16,"stat.entityKilledBy.Sheep":1,"stat.craftItem.minecraft.wooden_pickaxe":1,"stat.mineBlock.minecraft.stone":18,"stat.mineBlock.minecraft.tallgrass":240,"stat.diveOneCm":7207}