{"stat.walkOneCm":7440,"stat.craftItem.minecraft.planks":20,"stat.pickup.minecraft.gravel":2,"stat.leaveGame":1,"stat.craftItem.minecraft.crafting_table":1,"stat.useItem.minecraft.wooden_pickaxe":4,"stat.pickup.minecraft.cobblestone":3,"stat.mineBlock.minecraft.log":5,"stat.pickup.minecraft.log":5,"stat.flyOneCm":2186,"stat.pickup.minecraft.wheat_seeds":1,"stat.jump":16,"stat.mineBlock.minecraft.leaves":5,"stat.playOneMinute":8793,"stat.fallOneCm":209,"stat.mineBlock.minecraft.gravel":2,"stat.timeSinceDeath":8793,"stat.pickup.minecraft.dirt":18,"stat.sprintOneCm":4401,"stat.mineBlock.minecraft.dirt":18,"stat.useItem.minecraft.stone_slab2":1,"stat.craftItem.minecraft.wooden_pickaxe":1,"stat.mineBlock.minecraft.stone":4,"stat.mineBlock.minecraft.tallgrass":1,"stat.craftItem.minecraft.stick":4,"stat.craftingTableInteraction":1}