{"stat.pickup.minecraft.gravel":21,"stat.leaveGame":5,"stat.mineBlock.minecraft.cobblestone":1,"stat.pickup.minecraft.flint":3,"stat.useItem.minecraft.apple":1,"stat.mineBlock.minecraft.deadbush":2,"stat.jump":719,"stat.useItem.minecraft.sand":2,"stat.swimOneCm":4280,"stat.fallOneCm":17468,"stat.useItem.minecraft.stone_axe":135,"stat.crouchOneCm":1180,"stat.pickup.minecraft.dirt":263,"stat.useItem.minecraft.dirt":100,"stat.useItem.minecraft.stone_slab2":19,"stat.craftingTableInteraction":3,"stat.pickup.minecraft.rotten_flesh":42,"stat.pickup.minecraft.sand":22,"stat.craftItem.minecraft.stone_axe":2,"stat.pickup.minecraft.wooden_pickaxe":2,"stat.damageTaken":1570,"stat.pickup.minecraft.feather":6,"stat.pickup.minecraft.leather":5,"stat.mineBlock.minecraft.red_flower":2,"stat.craftItem.minecraft.stone_pickaxe":1,"stat.useItem.minecraft.wooden_pickaxe":48,"stat.pickup.minecraft.cobblestone":67,"stat.pickup.minecraft.planks":31,"stat.flyOneCm":118659,"stat.pickup.minecraft.wheat_seeds":8,"stat.entityKilledBy.Zombie":2,"stat.mineBlock.minecraft.gravel":12,"stat.damageDealt":1265,"stat.killEntity.Rabbit":1,"stat.timeSinceDeath":1634,"stat.killEntity.Cow":3,"stat.mineBlock.minecraft.dirt":19,"stat.drop.minecraft.log":3,"stat.craftItem.minecraft.wooden_pickaxe":1,"stat.pickup.minecraft.mutton":16,"stat.pickup.minecraft.double_plant":1,"stat.walkOneCm":116975,"stat.pickup.minecraft.stick":6,"stat.useItem.minecraft.log":4,"stat.pickup.minecraft.crafting_table":1,"stat.pickup.minecraft.clay_ball":9,"stat.useItem.minecraft.cobblestone":25,"stat.craftItem.minecraft.crafting_table":3,"stat.useItem.minecraft.gravel":2,"stat.mineBlock.minecraft.double_plant":1,"stat.pickup.minecraft.log":160,"stat.pickup.minecraft.beef":16,"stat.pickup.minecraft.chicken":4,"stat.pickup.minecraft.sapling":5,"stat.sprintOneCm":146569,"stat.pickup.minecraft.apple":1,"stat.craftItem.minecraft.stick":12,"stat.craftItem.minecraft.planks":68,"stat.killEntity.Chicken":4,"stat.mineBlock.minecraft.crafting_table":1,"stat.mobKills":14,"stat.mineBlock.minecraft.log":90,"stat.entityKilledBy.Creeper":1,"stat.deaths":6,"stat.drop":3,"stat.mineBlock.minecraft.leaves":30,"stat.pickup.minecraft.egg":2,"stat.playOneMinute":47757,"stat.killEntity.Sheep":5,"stat.pickup.minecraft.red_flower":13,"stat.sneakTime":540,"stat.pickup.minecraft.rabbit":2,"stat.pickup.minecraft.yellow_flower":1,"stat.mineBlock.minecraft.stone":34,"stat.mineBlock.minecraft.tallgrass":4,"stat.diveOneCm":267}