{"stat.pickup.minecraft.gravel":21,"stat.leaveGame":6,"stat.mineBlock.minecraft.cobblestone":18,"stat.pickup.minecraft.flint":3,"stat.useItem.minecraft.apple":1,"stat.mineBlock.minecraft.deadbush":2,"stat.useItem.minecraft.rotten_flesh":2,"stat.jump":958,"stat.useItem.minecraft.sand":34,"stat.swimOneCm":5697,"stat.pickup.minecraft.coal":18,"stat.fallOneCm":24512,"stat.useItem.minecraft.stone_axe":165,"stat.pickup.minecraft.porkchop":6,"stat.crouchOneCm":1623,"stat.pickup.minecraft.dirt":273,"stat.useItem.minecraft.dirt":102,"stat.useItem.minecraft.stone_slab2":22,"stat.craftingTableInteraction":8,"stat.pickup.minecraft.rotten_flesh":52,"stat.pickup.minecraft.sand":73,"stat.craftItem.minecraft.furnace":1,"stat.craftItem.minecraft.stone_axe":3,"stat.pickup.minecraft.wooden_pickaxe":2,"stat.damageTaken":2020,"stat.pickup.minecraft.feather":6,"stat.pickup.minecraft.leather":5,"stat.mineBlock.minecraft.red_flower":2,"stat.craftItem.minecraft.stone_pickaxe":2,"stat.useItem.minecraft.wooden_pickaxe":48,"stat.pickup.minecraft.cobblestone":97,"stat.pickup.minecraft.planks":34,"stat.flyOneCm":154454,"stat.pickup.minecraft.wheat_seeds":10,"stat.entityKilledBy.Zombie":2,"stat.pickup.minecraft.rabbit_hide":1,"stat.drop.minecraft.wheat_seeds":1,"stat.mineBlock.minecraft.gravel":12,"stat.useItem.minecraft.stone_pickaxe":28,"stat.pickup.quark.tallow":8,"stat.damageDealt":2174,"stat.killEntity.Rabbit":2,"stat.timeSinceDeath":3092,"stat.killEntity.Cow":3,"stat.mineBlock.minecraft.dirt":19,"stat.drop.minecraft.log":3,"stat.craftItem.minecraft.wooden_pickaxe":1,"stat.killEntity.Pig":4,"stat.pickup.minecraft.mutton":34,"stat.pickup.minecraft.double_plant":1,"stat.walkOneCm":137805,"stat.pickup.minecraft.stick":10,"stat.useItem.minecraft.log":4,"stat.pickup.minecraft.crafting_table":3,"stat.pickup.minecraft.clay_ball":9,"stat.useItem.minecraft.cobblestone":29,"stat.craftItem.minecraft.crafting_table":3,"stat.useItem.minecraft.gravel":2,"stat.mineBlock.minecraft.double_plant":1,"stat.mineBlock.minecraft.coal_ore":9,"stat.pickup.minecraft.log":162,"stat.pickup.minecraft.beef":32,"stat.pickup.minecraft.chicken":4,"stat.pickup.minecraft.sapling":5,"stat.sprintOneCm":194169,"stat.pickup.minecraft.apple":1,"stat.craftItem.minecraft.stick":12,"stat.craftItem.minecraft.planks":68,"stat.killEntity.Chicken":4,"stat.mineBlock.minecraft.crafting_table":2,"stat.mobKills":25,"stat.mineBlock.minecraft.log":90,"stat.entityKilledBy.Creeper":1,"stat.deaths":7,"stat.drop":4,"stat.mineBlock.minecraft.leaves":30,"stat.pickup.minecraft.egg":3,"stat.playOneMinute":58405,"stat.killEntity.Sheep":11,"stat.pickup.minecraft.red_flower":17,"stat.sneakTime":790,"stat.pickup.minecraft.rabbit":3,"stat.pickup.minecraft.yellow_flower":2,"stat.mineBlock.minecraft.stone":36,"stat.mineBlock.minecraft.tallgrass":16,"stat.diveOneCm":947}