{"stat.leaveGame":7,"stat.mineBlock.minecraft.cobblestone":19,"stat.pickup.minecraft.stone_pickaxe":3,"stat.pickup.minecraft.flint":2,"stat.mineBlock.minecraft.sandstone":6,"stat.swimOneCm":16183,"stat.climbOneCm":28258,"stat.pickup.minecraft.porkchop":12,"stat.mineBlock.quark.roots":2,"stat.useItem.minecraft.dirt":19,"stat.useItem.minecraft.stone_slab2":13,"stat.pickup.minecraft.rotten_flesh":27,"stat.pickup.minecraft.sand":32,"stat.craftItem.minecraft.stone_axe":6,"stat.craftItem.minecraft.stone_pickaxe":2,"stat.pickup.minecraft.cobblestone":191,"stat.flyOneCm":330213,"stat.pickup.minecraft.sandstone":30,"stat.mineBlock.minecraft.sand":9,"stat.pickup.quark.tallow":8,"stat.mineBlock.minecraft.iron_ore":24,"stat.timeSinceDeath":54568,"stat.craftItem.minecraft.wooden_pickaxe":4,"stat.pickup.minecraft.mutton":25,"stat.drop.minecraft.cooked_mutton":2,"stat.pickup.minecraft.double_plant":4,"stat.useItem.minecraft.potato":9,"stat.furnaceInteraction":5,"stat.mineBlock.minecraft.coal_ore":55,"stat.talkedToVillager":2,"stat.pickup.minecraft.beef":52,"stat.useItem.minecraft.cooked_mutton":4,"stat.pickup.minecraft.furnace":1,"stat.pickup.minecraft.sandstone_stairs":2,"stat.sprintOneCm":272743,"stat.craftItem.minecraft.stick":32,"stat.useItem.minecraft.wheat_seeds":18,"stat.mineBlock.minecraft.crafting_table":9,"stat.useItem.minecraft.carrot":6,"stat.useItem.minecraft.wooden_shovel":56,"stat.entityKilledBy.Creeper":1,"stat.mineBlock.minecraft.oak_stairs":4,"stat.deaths":13,"stat.mineBlock.minecraft.planks":26,"stat.drop":3,"stat.playOneMinute":134328,"stat.craftItem.minecraft.wooden_shovel":2,"stat.killEntity.Zombie":4,"stat.mineBlock.minecraft.tallgrass":115,"stat.craftItem.minecraft.cooked_mutton":5,"stat.diveOneCm":6840,"stat.pickup.minecraft.cooked_mutton":13,"stat.pickup.minecraft.wheat":7,"stat.chestOpened":3,"stat.pickup.minecraft.gravel":7,"stat.pickup.minecraft.arrow":170,"stat.pickup.minecraft.stone_axe":5,"stat.useItem.minecraft.apple":2,"stat.jump":2556,"stat.pickup.minecraft.coal":128,"stat.fallOneCm":60930,"stat.pickup.minecraft.carrot":51,"stat.useItem.minecraft.stone_axe":203,"stat.crouchOneCm":4199,"stat.pickup.minecraft.dirt":88,"stat.entityKilledBy.Cow":1,"stat.craftingTableInteraction":16,"stat.pickup.minecraft.iron_ore":24,"stat.boatOneCm":337303,"stat.mineBlock.minecraft.leaves2":3,"stat.mineBlock.minecraft.log2":20,"stat.pickup.minecraft.wooden_pickaxe":2,"stat.damageTaken":5300,"stat.pickup.minecraft.leather":30,"stat.mineBlock.minecraft.red_flower":12,"stat.mineBlock.minecraft.furnace":1,"stat.useItem.minecraft.wooden_pickaxe":59,"stat.pickup.minecraft.log2":19,"stat.pickup.minecraft.planks":72,"stat.pickup.minecraft.bed":1,"stat.pickup.minecraft.wheat_seeds":39,"stat.pickup.minecraft.potato":66,"stat.pickup.minecraft.oak_stairs":4,"stat.entityKilledBy.Zombie":2,"stat.mineBlock.minecraft.gravel":6,"stat.useItem.minecraft.stone_pickaxe":142,"stat.damageDealt":3990,"stat.killEntity.Cow":26,"stat.mineBlock.minecraft.dirt":47,"stat.useItem.minecraft.crafting_table":1,"stat.walkOneCm":230743,"stat.useItem.minecraft.bread":1,"stat.pickup.minecraft.stick":6,"stat.pickup.minecraft.crafting_table":11,"stat.pickup.minecraft.clay_ball":1,"stat.useItem.minecraft.cobblestone":14,"stat.craftItem.minecraft.crafting_table":6,"stat.useItem.minecraft.gravel":1,"stat.mineBlock.minecraft.double_plant":9,"stat.pickup.minecraft.log":62,"stat.pickup.minecraft.iron_pickaxe":1,"stat.pickup.minecraft.sapling":1,"stat.pickup.minecraft.wooden_door":2,"stat.entityKilledBy.Enderman":1,"stat.pickup.minecraft.apple":2,"stat.craftItem.minecraft.planks":132,"stat.mobKills":32,"stat.mineBlock.minecraft.log":39,"stat.entityKilledBy.Husk":1,"stat.pickup.minecraft.diamond":1,"stat.mineBlock.minecraft.leaves":25,"stat.pickup.minecraft.red_flower":18,"stat.sneakTime":3325,"stat.pickup.minecraft.wool":4,"stat.drop.minecraft.stone_axe":1,"stat.pickup.minecraft.yellow_flower":1,"stat.mineBlock.minecraft.stone":89}