{"stat.leaveGame":7,"stat.mineBlock.minecraft.cobblestone":11,"stat.pickup.minecraft.stone_pickaxe":3,"stat.pickup.minecraft.flint":2,"stat.mineBlock.minecraft.sandstone":6,"stat.swimOneCm":12232,"stat.climbOneCm":28258,"stat.pickup.minecraft.porkchop":12,"stat.useItem.minecraft.dirt":19,"stat.useItem.minecraft.stone_slab2":10,"stat.pickup.minecraft.rotten_flesh":27,"stat.pickup.minecraft.sand":32,"stat.craftItem.minecraft.stone_axe":5,"stat.craftItem.minecraft.stone_pickaxe":2,"stat.pickup.minecraft.cobblestone":140,"stat.flyOneCm":297357,"stat.pickup.minecraft.sandstone":30,"stat.mineBlock.minecraft.sand":9,"stat.pickup.quark.tallow":8,"stat.mineBlock.minecraft.iron_ore":8,"stat.timeSinceDeath":30268,"stat.craftItem.minecraft.wooden_pickaxe":4,"stat.pickup.minecraft.mutton":25,"stat.drop.minecraft.cooked_mutton":2,"stat.pickup.minecraft.double_plant":4,"stat.furnaceInteraction":5,"stat.mineBlock.minecraft.coal_ore":31,"stat.talkedToVillager":2,"stat.pickup.minecraft.beef":3,"stat.useItem.minecraft.cooked_mutton":4,"stat.pickup.minecraft.furnace":1,"stat.pickup.minecraft.sandstone_stairs":2,"stat.sprintOneCm":238057,"stat.craftItem.minecraft.stick":28,"stat.mineBlock.minecraft.crafting_table":8,"stat.useItem.minecraft.carrot":6,"stat.useItem.minecraft.wooden_shovel":56,"stat.entityKilledBy.Creeper":1,"stat.mineBlock.minecraft.oak_stairs":4,"stat.deaths":13,"stat.mineBlock.minecraft.planks":26,"stat.drop":3,"stat.playOneMinute":110028,"stat.craftItem.minecraft.wooden_shovel":2,"stat.killEntity.Zombie":4,"stat.mineBlock.minecraft.tallgrass":64,"stat.craftItem.minecraft.cooked_mutton":5,"stat.diveOneCm":4681,"stat.pickup.minecraft.cooked_mutton":13,"stat.chestOpened":2,"stat.pickup.minecraft.gravel":7,"stat.pickup.minecraft.arrow":170,"stat.pickup.minecraft.stone_axe":5,"stat.useItem.minecraft.apple":1,"stat.jump":1548,"stat.pickup.minecraft.coal":105,"stat.fallOneCm":56838,"stat.pickup.minecraft.carrot":11,"stat.useItem.minecraft.stone_axe":114,"stat.crouchOneCm":3603,"stat.pickup.minecraft.dirt":87,"stat.entityKilledBy.Cow":1,"stat.craftingTableInteraction":15,"stat.pickup.minecraft.iron_ore":8,"stat.boatOneCm":88854,"stat.mineBlock.minecraft.leaves2":3,"stat.mineBlock.minecraft.log2":20,"stat.pickup.minecraft.wooden_pickaxe":2,"stat.damageTaken":4950,"stat.mineBlock.minecraft.red_flower":11,"stat.mineBlock.minecraft.furnace":1,"stat.useItem.minecraft.wooden_pickaxe":53,"stat.pickup.minecraft.log2":19,"stat.pickup.minecraft.planks":72,"stat.pickup.minecraft.bed":1,"stat.pickup.minecraft.wheat_seeds":9,"stat.pickup.minecraft.potato":33,"stat.pickup.minecraft.oak_stairs":4,"stat.entityKilledBy.Zombie":2,"stat.mineBlock.minecraft.gravel":6,"stat.useItem.minecraft.stone_pickaxe":54,"stat.damageDealt":1423,"stat.mineBlock.minecraft.dirt":46,"stat.walkOneCm":177350,"stat.useItem.minecraft.bread":1,"stat.pickup.minecraft.stick":6,"stat.pickup.minecraft.crafting_table":10,"stat.pickup.minecraft.clay_ball":1,"stat.useItem.minecraft.cobblestone":1,"stat.craftItem.minecraft.crafting_table":6,"stat.useItem.minecraft.gravel":1,"stat.mineBlock.minecraft.double_plant":8,"stat.pickup.minecraft.log":62,"stat.pickup.minecraft.iron_pickaxe":1,"stat.pickup.minecraft.sapling":1,"stat.pickup.minecraft.wooden_door":2,"stat.entityKilledBy.Enderman":1,"stat.pickup.minecraft.apple":2,"stat.craftItem.minecraft.planks":132,"stat.mobKills":6,"stat.mineBlock.minecraft.log":39,"stat.entityKilledBy.Husk":1,"stat.pickup.minecraft.diamond":1,"stat.mineBlock.minecraft.leaves":25,"stat.pickup.minecraft.red_flower":18,"stat.sneakTime":2144,"stat.pickup.minecraft.wool":4,"stat.drop.minecraft.stone_axe":1,"stat.pickup.minecraft.yellow_flower":1,"stat.mineBlock.minecraft.stone":46}