{"stat.pickup.minecraft.rotten_flesh":10,"stat.flyOneCm":8430,"stat.deaths":2,"stat.walkOneCm":6764,"stat.pickup.minecraft.wheat_seeds":1,"stat.jump":50,"stat.swimOneCm":1311,"stat.playOneMinute":2452,"stat.fallOneCm":1144,"stat.entityKilledBy.Zombie":1,"stat.leaveGame":1,"stat.damageTaken":790,"stat.pickup.minecraft.clay_ball":1,"stat.damageDealt":9,"stat.timeSinceDeath":855,"stat.pickup.minecraft.dirt":23,"stat.pickup.minecraft.cobblestone":5,"stat.sprintOneCm":3831,"stat.entityKilledBy.Husk":1}