{"stat.leaveGame":3,"stat.mineBlock.minecraft.cobblestone":9,"stat.pickup.minecraft.stone_pickaxe":3,"stat.pickup.minecraft.flint":2,"stat.mineBlock.minecraft.sandstone":6,"stat.swimOneCm":10908,"stat.climbOneCm":1244,"stat.pickup.minecraft.porkchop":12,"stat.useItem.minecraft.dirt":2,"stat.useItem.minecraft.stone_slab2":6,"stat.pickup.minecraft.rotten_flesh":20,"stat.pickup.minecraft.sand":31,"stat.craftItem.minecraft.stone_axe":4,"stat.craftItem.minecraft.stone_pickaxe":1,"stat.pickup.minecraft.cobblestone":80,"stat.flyOneCm":254914,"stat.pickup.minecraft.sandstone":30,"stat.mineBlock.minecraft.sand":8,"stat.pickup.quark.tallow":8,"stat.timeSinceDeath":0,"stat.craftItem.minecraft.wooden_pickaxe":3,"stat.pickup.minecraft.mutton":20,"stat.pickup.minecraft.double_plant":4,"stat.furnaceInteraction":1,"stat.talkedToVillager":2,"stat.pickup.minecraft.sandstone_stairs":2,"stat.sprintOneCm":195015,"stat.craftItem.minecraft.stick":20,"stat.mineBlock.minecraft.crafting_table":4,"stat.useItem.minecraft.carrot":6,"stat.useItem.minecraft.wooden_shovel":44,"stat.entityKilledBy.Creeper":1,"stat.deaths":9,"stat.drop":1,"stat.playOneMinute":72530,"stat.craftItem.minecraft.wooden_shovel":1,"stat.killEntity.Zombie":3,"stat.mineBlock.minecraft.tallgrass":55,"stat.diveOneCm":4681,"stat.chestOpened":2,"stat.pickup.minecraft.gravel":7,"stat.pickup.minecraft.stone_axe":5,"stat.useItem.minecraft.apple":1,"stat.jump":1193,"stat.fallOneCm":26389,"stat.pickup.minecraft.carrot":11,"stat.useItem.minecraft.stone_axe":56,"stat.crouchOneCm":9,"stat.pickup.minecraft.dirt":69,"stat.entityKilledBy.Cow":1,"stat.craftingTableInteraction":10,"stat.mineBlock.minecraft.leaves2":3,"stat.mineBlock.minecraft.log2":14,"stat.pickup.minecraft.wooden_pickaxe":2,"stat.damageTaken":2730,"stat.mineBlock.minecraft.red_flower":11,"stat.useItem.minecraft.wooden_pickaxe":42,"stat.pickup.minecraft.log2":13,"stat.pickup.minecraft.planks":33,"stat.pickup.minecraft.wheat_seeds":7,"stat.pickup.minecraft.potato":33,"stat.entityKilledBy.Zombie":2,"stat.mineBlock.minecraft.gravel":6,"stat.useItem.minecraft.stone_pickaxe":8,"stat.damageDealt":888,"stat.mineBlock.minecraft.dirt":34,"stat.walkOneCm":101999,"stat.useItem.minecraft.bread":1,"stat.pickup.minecraft.stick":6,"stat.pickup.minecraft.crafting_table":6,"stat.pickup.minecraft.clay_ball":1,"stat.craftItem.minecraft.crafting_table":5,"stat.useItem.minecraft.gravel":1,"stat.mineBlock.minecraft.double_plant":5,"stat.pickup.minecraft.log":57,"stat.pickup.minecraft.wooden_door":2,"stat.entityKilledBy.Enderman":1,"stat.pickup.minecraft.apple":1,"stat.craftItem.minecraft.planks":96,"stat.mobKills":3,"stat.mineBlock.minecraft.log":39,"stat.entityKilledBy.Husk":1,"stat.pickup.minecraft.diamond":1,"stat.mineBlock.minecraft.leaves":25,"stat.pickup.minecraft.red_flower":18,"stat.sneakTime":9,"stat.drop.minecraft.stone_axe":1,"stat.pickup.minecraft.yellow_flower":1,"stat.mineBlock.minecraft.stone":32}