{"stat.pickup.minecraft.double_plant":4,"stat.walkOneCm":45132,"stat.pickup.minecraft.stick":2,"stat.leaveGame":1,"stat.pickup.minecraft.gravel":7,"stat.pickup.minecraft.crafting_table":1,"stat.mineBlock.minecraft.cobblestone":5,"stat.pickup.minecraft.clay_ball":1,"stat.pickup.minecraft.stone_pickaxe":1,"stat.craftItem.minecraft.crafting_table":3,"stat.pickup.minecraft.stone_axe":1,"stat.pickup.minecraft.flint":2,"stat.useItem.minecraft.gravel":1,"stat.mineBlock.minecraft.double_plant":3,"stat.talkedToVillager":2,"stat.pickup.minecraft.log":21,"stat.swimOneCm":4190,"stat.jump":560,"stat.fallOneCm":11007,"stat.useItem.minecraft.stone_axe":29,"stat.pickup.minecraft.porkchop":6,"stat.pickup.minecraft.dirt":60,"stat.sprintOneCm":78918,"stat.useItem.minecraft.stone_slab2":2,"stat.pickup.minecraft.apple":1,"stat.craftItem.minecraft.stick":12,"stat.craftingTableInteraction":4,"stat.pickup.minecraft.rotten_flesh":18,"stat.pickup.minecraft.sand":19,"stat.craftItem.minecraft.planks":60,"stat.craftItem.minecraft.stone_axe":1,"stat.mineBlock.minecraft.leaves2":3,"stat.mineBlock.minecraft.log2":14,"stat.damageTaken":1690,"stat.mineBlock.minecraft.crafting_table":1,"stat.mineBlock.minecraft.red_flower":10,"stat.useItem.minecraft.wooden_pickaxe":25,"stat.useItem.minecraft.wooden_shovel":40,"stat.pickup.minecraft.cobblestone":46,"stat.mobKills":1,"stat.mineBlock.minecraft.log":21,"stat.pickup.minecraft.log2":13,"stat.entityKilledBy.Creeper":1,"stat.pickup.minecraft.planks":31,"stat.entityKilledBy.Husk":1,"stat.flyOneCm":112957,"stat.deaths":5,"stat.pickup.minecraft.sandstone":1,"stat.pickup.minecraft.wheat_seeds":4,"stat.mineBlock.minecraft.leaves":18,"stat.playOneMinute":25175,"stat.entityKilledBy.Zombie":2,"stat.craftItem.minecraft.wooden_shovel":1,"stat.mineBlock.minecraft.gravel":6,"stat.pickup.minecraft.red_flower":15,"stat.pickup.quark.tallow":8,"stat.damageDealt":242,"stat.killEntity.Zombie":1,"stat.timeSinceDeath":5380,"stat.pickup.minecraft.yellow_flower":1,"stat.mineBlock.minecraft.dirt":29,"stat.craftItem.minecraft.wooden_pickaxe":2,"stat.mineBlock.minecraft.stone":20,"stat.mineBlock.minecraft.tallgrass":29,"stat.pickup.minecraft.mutton":18,"stat.diveOneCm":423}