{"stat.leaveGame":7,"stat.mineBlock.minecraft.cobblestone":9,"stat.pickup.minecraft.stone_pickaxe":3,"stat.pickup.minecraft.flint":2,"stat.mineBlock.minecraft.sandstone":6,"stat.swimOneCm":12232,"stat.climbOneCm":22981,"stat.pickup.minecraft.porkchop":12,"stat.useItem.minecraft.dirt":19,"stat.useItem.minecraft.stone_slab2":10,"stat.pickup.minecraft.rotten_flesh":26,"stat.pickup.minecraft.sand":31,"stat.craftItem.minecraft.stone_axe":5,"stat.craftItem.minecraft.stone_pickaxe":2,"stat.pickup.minecraft.cobblestone":135,"stat.flyOneCm":258104,"stat.pickup.minecraft.sandstone":30,"stat.mineBlock.minecraft.sand":8,"stat.pickup.quark.tallow":8,"stat.timeSinceDeath":17668,"stat.craftItem.minecraft.wooden_pickaxe":4,"stat.pickup.minecraft.mutton":25,"stat.drop.minecraft.cooked_mutton":2,"stat.pickup.minecraft.double_plant":4,"stat.furnaceInteraction":5,"stat.talkedToVillager":2,"stat.pickup.minecraft.beef":3,"stat.useItem.minecraft.cooked_mutton":4,"stat.pickup.minecraft.sandstone_stairs":2,"stat.sprintOneCm":204417,"stat.craftItem.minecraft.stick":28,"stat.mineBlock.minecraft.crafting_table":6,"stat.useItem.minecraft.carrot":6,"stat.useItem.minecraft.wooden_shovel":56,"stat.entityKilledBy.Creeper":1,"stat.deaths":13,"stat.drop":3,"stat.playOneMinute":97428,"stat.craftItem.minecraft.wooden_shovel":2,"stat.killEntity.Zombie":3,"stat.mineBlock.minecraft.tallgrass":55,"stat.craftItem.minecraft.cooked_mutton":5,"stat.diveOneCm":4681,"stat.pickup.minecraft.cooked_mutton":13,"stat.chestOpened":2,"stat.pickup.minecraft.gravel":7,"stat.pickup.minecraft.arrow":170,"stat.pickup.minecraft.stone_axe":5,"stat.useItem.minecraft.apple":1,"stat.jump":1380,"stat.pickup.minecraft.coal":74,"stat.fallOneCm":50129,"stat.pickup.minecraft.carrot":11,"stat.useItem.minecraft.stone_axe":58,"stat.crouchOneCm":3026,"stat.pickup.minecraft.dirt":87,"stat.entityKilledBy.Cow":1,"stat.craftingTableInteraction":13,"stat.mineBlock.minecraft.leaves2":3,"stat.mineBlock.minecraft.log2":20,"stat.pickup.minecraft.wooden_pickaxe":2,"stat.damageTaken":4810,"stat.mineBlock.minecraft.red_flower":11,"stat.useItem.minecraft.wooden_pickaxe":53,"stat.pickup.minecraft.log2":19,"stat.pickup.minecraft.planks":48,"stat.pickup.minecraft.wheat_seeds":7,"stat.pickup.minecraft.potato":33,"stat.entityKilledBy.Zombie":2,"stat.mineBlock.minecraft.gravel":6,"stat.useItem.minecraft.stone_pickaxe":8,"stat.damageDealt":888,"stat.mineBlock.minecraft.dirt":46,"stat.walkOneCm":148408,"stat.useItem.minecraft.bread":1,"stat.pickup.minecraft.stick":6,"stat.pickup.minecraft.crafting_table":8,"stat.pickup.minecraft.clay_ball":1,"stat.useItem.minecraft.cobblestone":1,"stat.craftItem.minecraft.crafting_table":6,"stat.useItem.minecraft.gravel":1,"stat.mineBlock.minecraft.double_plant":5,"stat.pickup.minecraft.log":62,"stat.pickup.minecraft.iron_pickaxe":1,"stat.pickup.minecraft.wooden_door":2,"stat.entityKilledBy.Enderman":1,"stat.pickup.minecraft.apple":1,"stat.craftItem.minecraft.planks":132,"stat.mobKills":3,"stat.mineBlock.minecraft.log":39,"stat.entityKilledBy.Husk":1,"stat.pickup.minecraft.diamond":1,"stat.mineBlock.minecraft.leaves":25,"stat.pickup.minecraft.red_flower":18,"stat.sneakTime":1641,"stat.pickup.minecraft.wool":4,"stat.drop.minecraft.stone_axe":1,"stat.pickup.minecraft.yellow_flower":1,"stat.mineBlock.minecraft.stone":43}