{"stat.leaveGame":8,"stat.mineBlock.minecraft.cobblestone":19,"stat.pickup.minecraft.stone_pickaxe":3,"stat.pickup.minecraft.flint":2,"stat.mineBlock.minecraft.sandstone":6,"stat.swimOneCm":19805,"stat.climbOneCm":28258,"stat.mineBlock.minecraft.web":6,"stat.pickup.minecraft.porkchop":12,"stat.mineBlock.quark.roots":3,"stat.useItem.minecraft.dirt":19,"stat.useItem.minecraft.stone_slab2":13,"stat.pickup.minecraft.rotten_flesh":31,"stat.pickup.minecraft.sand":32,"stat.craftItem.minecraft.stone_axe":7,"stat.craftItem.minecraft.stone_pickaxe":3,"stat.pickup.minecraft.cobblestone":196,"stat.craftItem.minecraft.stone_sword":1,"stat.flyOneCm":469212,"stat.pickup.minecraft.sandstone":30,"stat.mineBlock.minecraft.sand":9,"stat.pickup.quark.tallow":8,"stat.mineBlock.minecraft.iron_ore":34,"stat.timeSinceDeath":103682,"stat.craftItem.minecraft.wooden_pickaxe":4,"stat.pickup.minecraft.mutton":25,"stat.drop.minecraft.cooked_mutton":2,"stat.pickup.minecraft.double_plant":4,"stat.useItem.minecraft.potato":9,"stat.pickup.minecraft.wooden_shovel":1,"stat.furnaceInteraction":8,"stat.mineBlock.minecraft.coal_ore":82,"stat.talkedToVillager":2,"stat.pickup.minecraft.beef":57,"stat.useItem.minecraft.cooked_mutton":4,"stat.pickup.minecraft.furnace":1,"stat.pickup.minecraft.sandstone_stairs":2,"stat.sprintOneCm":383908,"stat.craftItem.minecraft.stick":36,"stat.useItem.minecraft.wheat_seeds":18,"stat.mineBlock.minecraft.crafting_table":12,"stat.useItem.minecraft.carrot":17,"stat.useItem.minecraft.wooden_shovel":78,"stat.entityKilledBy.Creeper":1,"stat.mineBlock.minecraft.oak_stairs":4,"stat.deaths":13,"stat.mineBlock.minecraft.planks":26,"stat.drop":4,"stat.playOneMinute":183442,"stat.craftItem.minecraft.wooden_shovel":2,"stat.killEntity.Zombie":8,"stat.mineBlock.minecraft.tallgrass":179,"stat.craftItem.minecraft.cooked_mutton":5,"stat.diveOneCm":10403,"stat.pickup.minecraft.cooked_mutton":13,"stat.pickup.minecraft.wheat":7,"stat.chestOpened":3,"stat.pickup.minecraft.gravel":28,"stat.pickup.minecraft.arrow":170,"stat.pickup.minecraft.stone_axe":5,"stat.useItem.minecraft.apple":2,"stat.jump":6072,"stat.pickup.minecraft.coal":154,"stat.fallOneCm":80435,"stat.pickup.minecraft.iron_ingot":14,"stat.pickup.minecraft.carrot":51,"stat.useItem.minecraft.stone_axe":370,"stat.crouchOneCm":5900,"stat.craftItem.minecraft.iron_ingot":26,"stat.pickup.minecraft.dirt":129,"stat.entityKilledBy.Cow":1,"stat.craftingTableInteraction":25,"stat.pickup.minecraft.iron_ore":41,"stat.boatOneCm":337303,"stat.mineBlock.minecraft.leaves2":3,"stat.mineBlock.minecraft.log2":20,"stat.pickup.minecraft.wooden_pickaxe":2,"stat.damageTaken":5875,"stat.pickup.minecraft.leather":33,"stat.mineBlock.minecraft.red_flower":13,"stat.mineBlock.minecraft.furnace":1,"stat.useItem.minecraft.wooden_pickaxe":59,"stat.pickup.minecraft.log2":19,"stat.pickup.minecraft.planks":72,"stat.pickup.minecraft.bed":1,"stat.pickup.minecraft.wheat_seeds":49,"stat.pickup.minecraft.potato":66,"stat.pickup.minecraft.oak_stairs":4,"stat.entityKilledBy.Zombie":2,"stat.mineBlock.minecraft.gravel":33,"stat.useItem.minecraft.stone_pickaxe":186,"stat.craftItem.minecraft.iron_leggings":1,"stat.useItem.minecraft.stone_sword":6,"stat.damageDealt":5150,"stat.killEntity.Cow":27,"stat.mineBlock.minecraft.dirt":58,"stat.useItem.minecraft.crafting_table":5,"stat.walkOneCm":307235,"stat.useItem.minecraft.bread":1,"stat.pickup.minecraft.stick":6,"stat.pickup.minecraft.crafting_table":14,"stat.useItem.minecraft.log":1,"stat.pickup.minecraft.clay_ball":1,"stat.useItem.minecraft.cobblestone":26,"stat.craftItem.minecraft.crafting_table":6,"stat.useItem.minecraft.gravel":1,"stat.mineBlock.minecraft.double_plant":9,"stat.pickup.minecraft.log":128,"stat.pickup.minecraft.iron_pickaxe":1,"stat.pickup.quark.root_flower":1,"stat.craftItem.minecraft.iron_chestplate":1,"stat.pickup.minecraft.sapling":4,"stat.pickup.minecraft.wooden_door":2,"stat.entityKilledBy.Enderman":1,"stat.pickup.minecraft.apple":3,"stat.craftItem.minecraft.planks":132,"stat.mobKills":37,"stat.mineBlock.minecraft.log":108,"stat.entityKilledBy.Husk":1,"stat.pickup.minecraft.diamond":1,"stat.mineBlock.minecraft.leaves":54,"stat.pickup.minecraft.red_flower":18,"stat.sneakTime":3841,"stat.pickup.minecraft.wool":4,"stat.drop.minecraft.stone_axe":2,"stat.pickup.minecraft.yellow_flower":1,"stat.mineBlock.minecraft.stone":95}