{"stat.mineBlock.quark.roots_white_flower":2,"stat.leaveGame":8,"stat.mineBlock.minecraft.cobblestone":23,"stat.pickup.minecraft.stone_pickaxe":3,"stat.pickup.minecraft.flint":4,"stat.mineBlock.minecraft.sandstone":6,"stat.swimOneCm":28483,"stat.climbOneCm":28258,"stat.mineBlock.minecraft.web":56,"stat.pickup.minecraft.porkchop":12,"stat.mineBlock.quark.roots":7,"stat.useItem.minecraft.dirt":19,"stat.useItem.minecraft.stone_slab2":18,"stat.pickup.minecraft.rotten_flesh":31,"stat.pickup.minecraft.sand":32,"stat.craftItem.minecraft.stone_axe":7,"stat.craftItem.minecraft.stone_pickaxe":3,"stat.craftItem.minecraft.cooked_beef":28,"stat.pickup.minecraft.cobblestone":269,"stat.pickup.quark.biome_cobblestone":3,"stat.craftItem.minecraft.stone_sword":1,"stat.flyOneCm":505947,"stat.pickup.minecraft.sandstone":30,"stat.mineBlock.minecraft.sand":9,"stat.pickup.quark.tallow":8,"stat.mineBlock.minecraft.iron_ore":59,"stat.timeSinceDeath":140582,"stat.useItem.minecraft.iron_pickaxe":99,"stat.craftItem.minecraft.wooden_pickaxe":4,"stat.pickup.minecraft.mutton":25,"stat.drop.minecraft.cooked_mutton":2,"stat.pickup.minecraft.double_plant":4,"stat.useItem.minecraft.potato":9,"stat.pickup.minecraft.wooden_shovel":1,"stat.furnaceInteraction":13,"stat.mineBlock.minecraft.coal_ore":142,"stat.talkedToVillager":2,"stat.pickup.realistictorches.torch_unlit":5,"stat.pickup.minecraft.string":51,"stat.useItem.realistictorches.torch_unlit":15,"stat.pickup.minecraft.beef":57,"stat.useItem.minecraft.cooked_mutton":4,"stat.pickup.minecraft.furnace":1,"stat.pickup.minecraft.sandstone_stairs":2,"stat.mineBlock.realistictorches.torch_unlit":4,"stat.sprintOneCm":462483,"stat.craftItem.minecraft.stick":44,"stat.mineBlock.minecraft.diamond_ore":14,"stat.useItem.minecraft.flint_and_steel":5,"stat.useItem.minecraft.wheat_seeds":18,"stat.mineBlock.minecraft.crafting_table":13,"stat.useItem.minecraft.carrot":17,"stat.useItem.minecraft.wooden_shovel":85,"stat.entityKilledBy.Creeper":1,"stat.mineBlock.minecraft.oak_stairs":4,"stat.drop.quark.root_flower":1,"stat.deaths":13,"stat.mineBlock.minecraft.planks":26,"stat.drop":5,"stat.playOneMinute":220342,"stat.craftItem.minecraft.wooden_shovel":2,"stat.killEntity.Zombie":8,"stat.mineBlock.minecraft.gold_ore":13,"stat.mineBlock.minecraft.tallgrass":179,"stat.craftItem.minecraft.cooked_mutton":5,"stat.diveOneCm":10849,"stat.pickup.minecraft.cooked_mutton":13,"stat.pickup.minecraft.wheat":7,"stat.chestOpened":10,"stat.pickup.minecraft.gravel":53,"stat.pickup.minecraft.arrow":170,"stat.pickup.minecraft.stone_axe":5,"stat.useItem.minecraft.apple":2,"stat.jump":6478,"stat.pickup.minecraft.coal":213,"stat.fallOneCm":84211,"stat.pickup.minecraft.iron_ingot":14,"stat.pickup.minecraft.carrot":51,"stat.useItem.minecraft.stone_axe":371,"stat.crouchOneCm":7240,"stat.craftItem.minecraft.iron_ingot":28,"stat.craftItem.minecraft.chest":2,"stat.pickup.minecraft.dirt":129,"stat.mineBlock.realistictorches.torch_lit":1,"stat.entityKilledBy.Cow":1,"stat.craftingTableInteraction":32,"stat.pickup.minecraft.iron_ore":66,"stat.boatOneCm":337303,"stat.pickup.minecraft.gold_ore":13,"stat.craftItem.minecraft.flint_and_steel":1,"stat.mineBlock.minecraft.leaves2":3,"stat.mineBlock.minecraft.log2":20,"stat.pickup.minecraft.wooden_pickaxe":2,"stat.damageTaken":6135,"stat.pickup.minecraft.leather":33,"stat.mineBlock.minecraft.red_flower":13,"stat.mineBlock.minecraft.furnace":1,"stat.useItem.minecraft.wooden_pickaxe":68,"stat.pickup.minecraft.log2":19,"stat.pickup.minecraft.planks":72,"stat.pickup.minecraft.bed":1,"stat.pickup.minecraft.wheat_seeds":49,"stat.pickup.minecraft.potato":66,"stat.pickup.minecraft.oak_stairs":4,"stat.entityKilledBy.Zombie":2,"stat.mineBlock.minecraft.gravel":41,"stat.useItem.minecraft.stone_pickaxe":274,"stat.craftItem.minecraft.iron_leggings":1,"stat.useItem.minecraft.stone_sword":58,"stat.damageDealt":5150,"stat.killEntity.Cow":27,"stat.mineBlock.quark.roots_blue_flower":1,"stat.mineBlock.minecraft.dirt":58,"stat.useItem.minecraft.crafting_table":6,"stat.mineBlock.quark.biome_cobblestone":3,"stat.walkOneCm":376168,"stat.useItem.minecraft.bread":1,"stat.useItem.minecraft.chest":1,"stat.pickup.minecraft.stick":6,"stat.pickup.minecraft.crafting_table":15,"stat.useItem.minecraft.log":1,"stat.pickup.minecraft.clay_ball":1,"stat.useItem.minecraft.cobblestone":83,"stat.craftItem.minecraft.crafting_table":6,"stat.useItem.minecraft.gravel":8,"stat.mineBlock.minecraft.double_plant":9,"stat.mineBlock.quark.stone_speleothem":2,"stat.pickup.minecraft.log":129,"stat.pickup.minecraft.iron_pickaxe":1,"stat.pickup.quark.root_flower":4,"stat.craftItem.realistictorches.torch_unlit":32,"stat.craftItem.minecraft.iron_chestplate":1,"stat.pickup.minecraft.sapling":4,"stat.pickup.minecraft.wooden_door":2,"stat.entityKilledBy.Enderman":1,"stat.pickup.minecraft.apple":3,"stat.craftItem.minecraft.planks":136,"stat.pickup.quark.root":1,"stat.mobKills":37,"stat.mineBlock.minecraft.log":108,"stat.entityKilledBy.Husk":1,"stat.pickup.minecraft.diamond":15,"stat.mineBlock.minecraft.leaves":54,"stat.pickup.minecraft.red_flower":18,"stat.sneakTime":4631,"stat.pickup.minecraft.wool":4,"stat.drop.minecraft.stone_axe":2,"stat.pickup.minecraft.yellow_flower":1,"stat.mineBlock.minecraft.stone":166}