{"stat.pickup.minecraft.rotten_flesh":17,"stat.pickup.minecraft.double_plant":4,"stat.pickup.minecraft.sand":19,"stat.walkOneCm":27854,"stat.craftItem.minecraft.planks":44,"stat.pickup.minecraft.stick":2,"stat.leaveGame":1,"stat.damageTaken":1380,"stat.pickup.minecraft.clay_ball":1,"stat.pickup.minecraft.stone_pickaxe":1,"stat.craftItem.minecraft.crafting_table":1,"stat.pickup.minecraft.stone_axe":1,"stat.mineBlock.minecraft.red_flower":10,"stat.mineBlock.minecraft.double_plant":3,"stat.pickup.minecraft.cobblestone":22,"stat.mineBlock.minecraft.log":11,"stat.talkedToVillager":2,"stat.entityKilledBy.Creeper":1,"stat.pickup.minecraft.planks":31,"stat.entityKilledBy.Husk":1,"stat.pickup.minecraft.log":11,"stat.flyOneCm":49744,"stat.deaths":4,"stat.pickup.minecraft.sandstone":1,"stat.pickup.minecraft.wheat_seeds":4,"stat.jump":268,"stat.swimOneCm":3086,"stat.mineBlock.minecraft.leaves":12,"stat.playOneMinute":13475,"stat.fallOneCm":4701,"stat.entityKilledBy.Zombie":2,"stat.pickup.minecraft.red_flower":10,"stat.useItem.minecraft.stone_axe":1,"stat.pickup.quark.tallow":8,"stat.damageDealt":98,"stat.pickup.minecraft.porkchop":6,"stat.timeSinceDeath":2396,"stat.pickup.minecraft.dirt":30,"stat.pickup.minecraft.yellow_flower":1,"stat.sprintOneCm":47730,"stat.mineBlock.minecraft.tallgrass":27,"stat.pickup.minecraft.apple":1,"stat.pickup.minecraft.mutton":18,"stat.diveOneCm":321}