{"stat.leaveGame":7,"stat.mineBlock.minecraft.cobblestone":9,"stat.pickup.minecraft.stone_pickaxe":3,"stat.pickup.minecraft.flint":2,"stat.mineBlock.minecraft.sandstone":6,"stat.swimOneCm":12232,"stat.climbOneCm":3657,"stat.pickup.minecraft.porkchop":12,"stat.useItem.minecraft.dirt":2,"stat.useItem.minecraft.stone_slab2":8,"stat.pickup.minecraft.rotten_flesh":26,"stat.pickup.minecraft.sand":31,"stat.craftItem.minecraft.stone_axe":5,"stat.craftItem.minecraft.stone_pickaxe":2,"stat.pickup.minecraft.cobblestone":93,"stat.flyOneCm":258104,"stat.pickup.minecraft.sandstone":30,"stat.mineBlock.minecraft.sand":8,"stat.pickup.quark.tallow":8,"stat.timeSinceDeath":5968,"stat.craftItem.minecraft.wooden_pickaxe":4,"stat.pickup.minecraft.mutton":20,"stat.pickup.minecraft.double_plant":4,"stat.furnaceInteraction":2,"stat.talkedToVillager":2,"stat.pickup.minecraft.sandstone_stairs":2,"stat.sprintOneCm":204181,"stat.craftItem.minecraft.stick":28,"stat.mineBlock.minecraft.crafting_table":5,"stat.useItem.minecraft.carrot":6,"stat.useItem.minecraft.wooden_shovel":56,"stat.entityKilledBy.Creeper":1,"stat.deaths":13,"stat.drop":1,"stat.playOneMinute":85728,"stat.craftItem.minecraft.wooden_shovel":2,"stat.killEntity.Zombie":3,"stat.mineBlock.minecraft.tallgrass":55,"stat.diveOneCm":4681,"stat.pickup.minecraft.cooked_mutton":7,"stat.chestOpened":2,"stat.pickup.minecraft.gravel":7,"stat.pickup.minecraft.arrow":128,"stat.pickup.minecraft.stone_axe":5,"stat.useItem.minecraft.apple":1,"stat.jump":1302,"stat.pickup.minecraft.coal":10,"stat.fallOneCm":44806,"stat.pickup.minecraft.carrot":11,"stat.useItem.minecraft.stone_axe":57,"stat.crouchOneCm":906,"stat.pickup.minecraft.dirt":87,"stat.entityKilledBy.Cow":1,"stat.craftingTableInteraction":13,"stat.mineBlock.minecraft.leaves2":3,"stat.mineBlock.minecraft.log2":20,"stat.pickup.minecraft.wooden_pickaxe":2,"stat.damageTaken":4390,"stat.mineBlock.minecraft.red_flower":11,"stat.useItem.minecraft.wooden_pickaxe":53,"stat.pickup.minecraft.log2":19,"stat.pickup.minecraft.planks":48,"stat.pickup.minecraft.wheat_seeds":7,"stat.pickup.minecraft.potato":33,"stat.entityKilledBy.Zombie":2,"stat.mineBlock.minecraft.gravel":6,"stat.useItem.minecraft.stone_pickaxe":8,"stat.damageDealt":888,"stat.mineBlock.minecraft.dirt":46,"stat.walkOneCm":133798,"stat.useItem.minecraft.bread":1,"stat.pickup.minecraft.stick":6,"stat.pickup.minecraft.crafting_table":7,"stat.pickup.minecraft.clay_ball":1,"stat.useItem.minecraft.cobblestone":1,"stat.craftItem.minecraft.crafting_table":6,"stat.useItem.minecraft.gravel":1,"stat.mineBlock.minecraft.double_plant":5,"stat.pickup.minecraft.log":62,"stat.pickup.minecraft.iron_pickaxe":1,"stat.pickup.minecraft.wooden_door":2,"stat.entityKilledBy.Enderman":1,"stat.pickup.minecraft.apple":1,"stat.craftItem.minecraft.planks":132,"stat.mobKills":3,"stat.mineBlock.minecraft.log":39,"stat.entityKilledBy.Husk":1,"stat.pickup.minecraft.diamond":1,"stat.mineBlock.minecraft.leaves":25,"stat.pickup.minecraft.red_flower":18,"stat.sneakTime":474,"stat.pickup.minecraft.wool":4,"stat.drop.minecraft.stone_axe":1,"stat.pickup.minecraft.yellow_flower":1,"stat.mineBlock.minecraft.stone":43}