{"stat.chestOpened":2,"stat.pickup.minecraft.double_plant":4,"stat.walkOneCm":72687,"stat.useItem.minecraft.bread":1,"stat.pickup.minecraft.stick":2,"stat.leaveGame":1,"stat.pickup.minecraft.gravel":7,"stat.pickup.minecraft.crafting_table":3,"stat.mineBlock.minecraft.cobblestone":9,"stat.pickup.minecraft.clay_ball":1,"stat.pickup.minecraft.stone_pickaxe":2,"stat.craftItem.minecraft.crafting_table":4,"stat.pickup.minecraft.stone_axe":3,"stat.pickup.minecraft.flint":2,"stat.furnaceInteraction":1,"stat.useItem.minecraft.gravel":1,"stat.mineBlock.minecraft.double_plant":3,"stat.useItem.minecraft.apple":1,"stat.talkedToVillager":2,"stat.mineBlock.minecraft.sandstone":6,"stat.pickup.minecraft.log":26,"stat.swimOneCm":6228,"stat.jump":819,"stat.fallOneCm":18527,"stat.climbOneCm":1244,"stat.pickup.minecraft.carrot":11,"stat.useItem.minecraft.stone_axe":44,"stat.pickup.minecraft.porkchop":12,"stat.crouchOneCm":9,"stat.pickup.minecraft.sandstone_stairs":2,"stat.pickup.minecraft.dirt":63,"stat.useItem.minecraft.dirt":1,"stat.sprintOneCm":123815,"stat.pickup.minecraft.wooden_door":2,"stat.useItem.minecraft.stone_slab2":4,"stat.entityKilledBy.Enderman":1,"stat.pickup.minecraft.apple":1,"stat.craftItem.minecraft.stick":12,"stat.craftingTableInteraction":7,"stat.pickup.minecraft.rotten_flesh":20,"stat.pickup.minecraft.sand":31,"stat.craftItem.minecraft.planks":60,"stat.craftItem.minecraft.stone_axe":3,"stat.mineBlock.minecraft.leaves2":3,"stat.mineBlock.minecraft.log2":14,"stat.damageTaken":2190,"stat.mineBlock.minecraft.crafting_table":3,"stat.mineBlock.minecraft.red_flower":10,"stat.useItem.minecraft.wooden_pickaxe":29,"stat.useItem.minecraft.carrot":6,"stat.useItem.minecraft.wooden_shovel":44,"stat.pickup.minecraft.cobblestone":56,"stat.mobKills":3,"stat.mineBlock.minecraft.log":26,"stat.pickup.minecraft.log2":13,"stat.entityKilledBy.Creeper":1,"stat.pickup.minecraft.planks":31,"stat.entityKilledBy.Husk":1,"stat.flyOneCm":166699,"stat.deaths":6,"stat.pickup.minecraft.sandstone":30,"stat.pickup.minecraft.wheat_seeds":4,"stat.pickup.minecraft.diamond":1,"stat.drop":1,"stat.mineBlock.minecraft.leaves":18,"stat.mineBlock.minecraft.sand":8,"stat.pickup.minecraft.potato":33,"stat.playOneMinute":37775,"stat.entityKilledBy.Zombie":2,"stat.craftItem.minecraft.wooden_shovel":1,"stat.mineBlock.minecraft.gravel":6,"stat.useItem.minecraft.stone_pickaxe":8,"stat.pickup.minecraft.red_flower":18,"stat.sneakTime":9,"stat.pickup.quark.tallow":8,"stat.damageDealt":679,"stat.drop.minecraft.stone_axe":1,"stat.killEntity.Zombie":3,"stat.timeSinceDeath":2153,"stat.pickup.minecraft.yellow_flower":1,"stat.mineBlock.minecraft.dirt":30,"stat.craftItem.minecraft.wooden_pickaxe":2,"stat.mineBlock.minecraft.stone":20,"stat.mineBlock.minecraft.tallgrass":29,"stat.pickup.minecraft.mutton":18,"stat.diveOneCm":423}