{"stat.useItem.minecraft.bow":86,"stat.useItem.minecraft.iron_axe":61,"stat.leaveGame":6,"stat.mineBlock.minecraft.cobblestone":40,"stat.pickup.minecraft.flint":2,"stat.swimOneCm":5055,"stat.useItem.minecraft.planks":243,"stat.climbOneCm":21813,"stat.pickup.minecraft.cooked_porkchop":24,"stat.pickup.minecraft.porkchop":24,"stat.useItem.minecraft.stone_slab2":79,"stat.pickup.minecraft.rotten_flesh":20,"stat.craftItem.minecraft.furnace":1,"stat.useItem.minecraft.egg":4,"stat.craftItem.minecraft.stone_axe":3,"stat.craftItem.minecraft.stone_pickaxe":2,"stat.pickup.minecraft.cobblestone":193,"stat.drop.minecraft.fence":2,"stat.craftItem.minecraft.stone_sword":2,"stat.flyOneCm":150846,"stat.pickup.quark.tallow":17,"stat.mineBlock.minecraft.iron_ore":53,"stat.timeSinceDeath":6813,"stat.useItem.minecraft.iron_pickaxe":131,"stat.craftItem.minecraft.wooden_pickaxe":2,"stat.pickup.minecraft.mutton":52,"stat.drop.minecraft.cooked_mutton":16,"stat.craftItem.minecraft.bed":1,"stat.useItem.minecraft.oak_stairs":7,"stat.furnaceInteraction":20,"stat.drop.minecraft.dirt":8,"stat.pickup.minecraft.iron_shovel":1,"stat.useItem.minecraft.cooked_porkchop":1,"stat.mineBlock.minecraft.coal_ore":108,"stat.pickup.realistictorches.torch_unlit":28,"stat.drop.minecraft.red_flower":1,"stat.pickup.cgm.advanced_ammo":64,"stat.pickup.minecraft.beef":13,"stat.useItem.minecraft.cooked_mutton":12,"stat.pickup.minecraft.furnace":1,"stat.craftItem.minecraft.stone_slab2":0,"stat.sprintOneCm":192504,"stat.pickup.minecraft.iron_chestplate":1,"stat.useItem.minecraft.fence":4,"stat.craftItem.minecraft.stick":44,"stat.mineBlock.minecraft.crafting_table":3,"stat.killEntity.Husk":3,"stat.entityKilledBy.Creeper":2,"stat.mineBlock.minecraft.oak_stairs":1,"stat.mineBlock.minecraft.planks":16,"stat.deaths":5,"stat.drop":37,"stat.pickup.minecraft.egg":4,"stat.playOneMinute":123611,"stat.killEntity.Sheep":33,"stat.useItem.minecraft.ladder":3,"stat.killEntity.Zombie":24,"stat.mineBlock.minecraft.tallgrass":13,"stat.craftItem.minecraft.cooked_mutton":25,"stat.diveOneCm":2544,"stat.pickup.minecraft.cooked_mutton":33,"stat.drop.minecraft.wooden_pickaxe":1,"stat.pickup.minecraft.gravel":18,"stat.pickup.minecraft.iron_sword":1,"stat.pickup.minecraft.arrow":170,"stat.craftItem.minecraft.cooked_porkchop":12,"stat.jump":1283,"stat.pickup.minecraft.coal":107,"stat.fallOneCm":18446,"stat.pickup.minecraft.iron_ingot":6,"stat.useItem.minecraft.stone_axe":184,"stat.crouchOneCm":31313,"stat.craftItem.minecraft.iron_ingot":12,"stat.pickup.minecraft.dirt":14,"stat.craftingTableInteraction":19,"stat.pickup.minecraft.iron_ore":53,"stat.useItem.minecraft.sapling":1,"stat.pickup.minecraft.iron_axe":2,"stat.pickup.minecraft.wooden_pickaxe":1,"stat.mineBlock.minecraft.log2":7,"stat.pickup.minecraft.feather":33,"stat.damageTaken":2192,"stat.pickup.minecraft.leather":6,"stat.craftItem.minecraft.wooden_button":1,"stat.mineBlock.minecraft.red_flower":3,"stat.mineBlock.minecraft.furnace":1,"stat.useItem.minecraft.wooden_pickaxe":31,"stat.pickup.minecraft.log2":6,"stat.pickup.minecraft.planks":93,"stat.pickup.minecraft.wheat_seeds":1,"stat.pickup.minecraft.oak_stairs":3,"stat.drop.cgm.rifle":1,"stat.mineBlock.minecraft.gravel":4,"stat.useItem.minecraft.stone_pickaxe":168,"stat.useItem.minecraft.stone_sword":39,"stat.damageDealt":6043,"stat.craftItem.minecraft.oak_stairs":8,"stat.killEntity.Cow":6,"stat.mineBlock.minecraft.dirt":2,"stat.killEntity.Pig":8,"stat.walkOneCm":231073,"stat.pickup.minecraft.stick":33,"stat.drop.minecraft.rotten_flesh":6,"stat.pickup.minecraft.crafting_table":4,"stat.useItem.minecraft.cobblestone":168,"stat.craftItem.minecraft.crafting_table":2,"stat.useItem.minecraft.gravel":4,"stat.useItem.minecraft.lava_bucket":109,"stat.pickup.cgm.rifle":1,"stat.pickup.minecraft.log":124,"stat.pickup.minecraft.iron_pickaxe":2,"stat.craftItem.realistictorches.torch_unlit":28,"stat.drop.minecraft.sapling":1,"stat.craftItem.minecraft.iron_chestplate":1,"stat.pickup.minecraft.chicken":9,"stat.pickup.minecraft.sapling":6,"stat.pickup.minecraft.ladder":3,"stat.pickup.minecraft.cooked_beef":1,"stat.craftItem.minecraft.bucket":1,"stat.craftItem.minecraft.planks":468,"stat.useItem.minecraft.iron_sword":12,"stat.killEntity.Chicken":10,"stat.mobKills":91,"stat.mineBlock.minecraft.log":125,"stat.craftItem.minecraft.shears":1,"stat.craftItem.minecraft.fence":6,"stat.drop.cgm.basic_ammo":1,"stat.craftItem.minecraft.cooked_chicken":7,"stat.mineBlock.minecraft.leaves":36,"stat.pickup.minecraft.red_flower":4,"stat.sneakTime":16644,"stat.pickup.minecraft.wool":5,"stat.mineBlock.minecraft.stone":122}