{"stat.drop.minecraft.wooden_pickaxe":1,"stat.useItem.minecraft.iron_axe":5,"stat.pickup.minecraft.gravel":18,"stat.leaveGame":6,"stat.pickup.minecraft.iron_sword":1,"stat.mineBlock.minecraft.cobblestone":25,"stat.craftItem.minecraft.cooked_porkchop":12,"stat.pickup.minecraft.flint":2,"stat.jump":951,"stat.swimOneCm":2638,"stat.pickup.minecraft.coal":49,"stat.fallOneCm":12419,"stat.useItem.minecraft.planks":191,"stat.climbOneCm":5200,"stat.pickup.minecraft.iron_ingot":6,"stat.pickup.minecraft.cooked_porkchop":12,"stat.useItem.minecraft.stone_axe":184,"stat.pickup.minecraft.porkchop":12,"stat.crouchOneCm":20546,"stat.craftItem.minecraft.iron_ingot":12,"stat.pickup.minecraft.dirt":8,"stat.useItem.minecraft.stone_slab2":77,"stat.craftingTableInteraction":16,"stat.pickup.minecraft.iron_ore":22,"stat.pickup.minecraft.rotten_flesh":12,"stat.craftItem.minecraft.furnace":1,"stat.useItem.minecraft.sapling":1,"stat.pickup.minecraft.iron_axe":1,"stat.useItem.minecraft.egg":4,"stat.craftItem.minecraft.stone_axe":3,"stat.pickup.minecraft.wooden_pickaxe":1,"stat.mineBlock.minecraft.log2":7,"stat.pickup.minecraft.feather":33,"stat.damageTaken":1528,"stat.craftItem.minecraft.wooden_button":1,"stat.craftItem.minecraft.stone_pickaxe":2,"stat.mineBlock.minecraft.red_flower":3,"stat.mineBlock.minecraft.furnace":1,"stat.useItem.minecraft.wooden_pickaxe":31,"stat.pickup.minecraft.cobblestone":150,"stat.pickup.minecraft.log2":6,"stat.drop.minecraft.fence":2,"stat.pickup.minecraft.planks":89,"stat.craftItem.minecraft.stone_sword":2,"stat.flyOneCm":112842,"stat.pickup.minecraft.wheat_seeds":1,"stat.pickup.minecraft.oak_stairs":3,"stat.drop.cgm.rifle":1,"stat.mineBlock.minecraft.gravel":4,"stat.useItem.minecraft.stone_pickaxe":168,"stat.useItem.minecraft.stone_sword":39,"stat.pickup.quark.tallow":11,"stat.damageDealt":4375,"stat.mineBlock.minecraft.iron_ore":22,"stat.timeSinceDeath":4132,"stat.craftItem.minecraft.oak_stairs":8,"stat.craftItem.minecraft.wooden_pickaxe":2,"stat.killEntity.Pig":5,"stat.pickup.minecraft.mutton":40,"stat.walkOneCm":158742,"stat.pickup.minecraft.stick":33,"stat.drop.minecraft.rotten_flesh":6,"stat.pickup.minecraft.crafting_table":4,"stat.useItem.minecraft.oak_stairs":7,"stat.useItem.minecraft.cobblestone":163,"stat.craftItem.minecraft.crafting_table":2,"stat.furnaceInteraction":17,"stat.drop.minecraft.dirt":7,"stat.useItem.minecraft.gravel":4,"stat.pickup.minecraft.iron_shovel":1,"stat.useItem.minecraft.lava_bucket":109,"stat.mineBlock.minecraft.coal_ore":49,"stat.pickup.cgm.rifle":1,"stat.pickup.minecraft.log":103,"stat.pickup.cgm.advanced_ammo":64,"stat.pickup.minecraft.iron_pickaxe":1,"stat.useItem.minecraft.cooked_mutton":9,"stat.pickup.minecraft.furnace":1,"stat.craftItem.minecraft.stone_slab2":0,"stat.drop.minecraft.sapling":1,"stat.craftItem.minecraft.iron_chestplate":1,"stat.pickup.minecraft.chicken":9,"stat.pickup.minecraft.sapling":6,"stat.sprintOneCm":158972,"stat.pickup.minecraft.iron_chestplate":1,"stat.useItem.minecraft.fence":4,"stat.pickup.minecraft.ladder":3,"stat.craftItem.minecraft.stick":36,"stat.craftItem.minecraft.planks":412,"stat.useItem.minecraft.iron_sword":6,"stat.killEntity.Chicken":10,"stat.mineBlock.minecraft.crafting_table":3,"stat.killEntity.Husk":1,"stat.mobKills":50,"stat.mineBlock.minecraft.log":103,"stat.entityKilledBy.Creeper":2,"stat.craftItem.minecraft.fence":6,"stat.drop.cgm.basic_ammo":1,"stat.craftItem.minecraft.cooked_chicken":7,"stat.mineBlock.minecraft.oak_stairs":1,"stat.mineBlock.minecraft.planks":15,"stat.deaths":3,"stat.drop":19,"stat.mineBlock.minecraft.leaves":25,"stat.pickup.minecraft.egg":4,"stat.playOneMinute":88528,"stat.killEntity.Sheep":26,"stat.pickup.minecraft.red_flower":3,"stat.useItem.minecraft.ladder":3,"stat.sneakTime":8035,"stat.killEntity.Zombie":8,"stat.mineBlock.minecraft.stone":98,"stat.mineBlock.minecraft.tallgrass":13,"stat.craftItem.minecraft.cooked_mutton":25,"stat.pickup.minecraft.cooked_mutton":18}