{"stat.useItem.minecraft.bow":86,"stat.useItem.minecraft.iron_axe":61,"stat.leaveGame":7,"stat.mineBlock.minecraft.cobblestone":76,"stat.pickup.minecraft.flint":4,"stat.swimOneCm":20116,"stat.useItem.minecraft.planks":245,"stat.climbOneCm":26494,"stat.mineBlock.minecraft.web":15,"stat.pickup.minecraft.cooked_porkchop":24,"stat.pickup.minecraft.porkchop":42,"stat.mineBlock.quark.roots":1,"stat.useItem.minecraft.dirt":1,"stat.useItem.minecraft.stone_slab2":91,"stat.useItem.minecraft.water_bucket":2,"stat.pickup.minecraft.rotten_flesh":21,"stat.craftItem.minecraft.furnace":2,"stat.useItem.minecraft.egg":4,"stat.craftItem.minecraft.stone_axe":4,"stat.craftItem.minecraft.iron_boots":1,"stat.pickup.minecraft.bucket":2,"stat.craftItem.spartanweaponry.boomerang_stone":1,"stat.craftItem.minecraft.stone_pickaxe":4,"stat.pickup.minecraft.cobblestone":410,"stat.craftItem.minecraft.bow":1,"stat.drop.minecraft.fence":2,"stat.pickup.quark.biome_cobblestone":1,"stat.craftItem.minecraft.stone_sword":3,"stat.useItem.spartanweaponry.boomerang_stone":6,"stat.flyOneCm":291169,"stat.drop.minecraft.wheat_seeds":1,"stat.pickup.quark.tallow":35,"stat.mineBlock.minecraft.iron_ore":100,"stat.timeSinceDeath":89597,"stat.useItem.minecraft.iron_pickaxe":212,"stat.craftItem.minecraft.wooden_pickaxe":3,"stat.pickup.minecraft.mutton":58,"stat.drop.minecraft.cooked_mutton":16,"stat.craftItem.minecraft.bed":1,"stat.useItem.minecraft.oak_stairs":7,"stat.pickup.minecraft.stonebrick":2,"stat.furnaceInteraction":34,"stat.drop.minecraft.dirt":11,"stat.mineBlock.minecraft.rail":1,"stat.pickup.minecraft.iron_shovel":1,"stat.useItem.minecraft.cooked_porkchop":1,"stat.mineBlock.minecraft.coal_ore":168,"stat.pickup.realistictorches.torch_unlit":28,"stat.talkedToVillager":5,"stat.drop.minecraft.red_flower":1,"stat.pickup.minecraft.string":15,"stat.pickup.cgm.advanced_ammo":64,"stat.pickup.minecraft.beef":30,"stat.useItem.minecraft.cooked_mutton":14,"stat.pickup.minecraft.furnace":2,"stat.craftItem.minecraft.stone_slab2":0,"stat.sprintOneCm":409006,"stat.pickup.minecraft.iron_chestplate":1,"stat.useItem.minecraft.fence":4,"stat.pickup.minecraft.skull":1,"stat.craftItem.minecraft.stick":60,"stat.mineBlock.minecraft.diamond_ore":7,"stat.mineBlock.minecraft.crafting_table":7,"stat.killEntity.Husk":3,"stat.entityKilledBy.Creeper":2,"stat.mineBlock.minecraft.oak_stairs":1,"stat.mineBlock.minecraft.planks":16,"stat.deaths":6,"stat.drop":46,"stat.pickup.minecraft.egg":4,"stat.playOneMinute":216412,"stat.craftItem.minecraft.wooden_shovel":1,"stat.killEntity.Sheep":37,"stat.useItem.minecraft.ladder":3,"stat.craftItem.minecraft.iron_pickaxe":1,"stat.killEntity.Zombie":29,"stat.mineBlock.minecraft.gold_ore":5,"stat.mineBlock.minecraft.tallgrass":22,"stat.craftItem.minecraft.cooked_mutton":25,"stat.diveOneCm":32000,"stat.pickup.minecraft.cooked_mutton":40,"stat.chestOpened":14,"stat.mineBlock.minecraft.mossy_cobblestone":2,"stat.drop.minecraft.wooden_pickaxe":3,"stat.pickup.minecraft.gravel":26,"stat.pickup.minecraft.iron_sword":1,"stat.pickup.minecraft.arrow":170,"stat.craftItem.minecraft.cooked_porkchop":12,"stat.useItem.minecraft.apple":1,"stat.jump":2207,"stat.pickup.minecraft.coal":186,"stat.fallOneCm":36408,"stat.pickup.minecraft.iron_ingot":6,"stat.useItem.minecraft.stone_axe":265,"stat.crouchOneCm":45376,"stat.pickup.minecraft.rail":3,"stat.craftItem.minecraft.iron_ingot":50,"stat.pickup.minecraft.dirt":21,"stat.craftItem.minecraft.iron_helmet":1,"stat.craftingTableInteraction":51,"stat.pickup.minecraft.iron_ore":98,"stat.boatOneCm":382370,"stat.useItem.minecraft.sapling":1,"stat.pickup.minecraft.gold_ore":5,"stat.pickup.minecraft.iron_axe":2,"stat.pickup.minecraft.wooden_pickaxe":2,"stat.mineBlock.minecraft.log2":7,"stat.pickup.minecraft.feather":35,"stat.damageTaken":2656,"stat.pickup.minecraft.leather":16,"stat.craftItem.minecraft.wooden_button":1,"stat.mineBlock.minecraft.red_flower":3,"stat.mineBlock.minecraft.furnace":2,"stat.mineBlock.minecraft.torch":4,"stat.useItem.minecraft.wooden_pickaxe":44,"stat.pickup.minecraft.log2":6,"stat.pickup.minecraft.planks":93,"stat.pickup.minecraft.reeds":9,"stat.pickup.minecraft.wheat_seeds":2,"stat.pickup.minecraft.oak_stairs":3,"stat.drop.cgm.rifle":1,"stat.mineBlock.minecraft.gravel":12,"stat.useItem.minecraft.stone_pickaxe":432,"stat.useItem.minecraft.stone_sword":63,"stat.craftItem.minecraft.iron_leggings":1,"stat.damageDealt":9417,"stat.craftItem.minecraft.oak_stairs":8,"stat.killEntity.Cow":15,"stat.mineBlock.quark.roots_blue_flower":1,"stat.mineBlock.minecraft.dirt":6,"stat.killEntity.Pig":16,"stat.mineBlock.quark.biome_cobblestone":1,"stat.pickup.minecraft.boat":2,"stat.walkOneCm":408264,"stat.useItem.minecraft.torch":6,"stat.pickup.minecraft.stick":33,"stat.drop.minecraft.rotten_flesh":7,"stat.pickup.minecraft.crafting_table":8,"stat.useItem.minecraft.log":3,"stat.useItem.minecraft.cobblestone":332,"stat.craftItem.minecraft.crafting_table":4,"stat.useItem.minecraft.gravel":4,"stat.mineBlock.minecraft.double_plant":1,"stat.useItem.minecraft.lava_bucket":109,"stat.pickup.cgm.rifle":1,"stat.craftItem.minecraft.boat":1,"stat.pickup.minecraft.log":151,"stat.pickup.minecraft.iron_pickaxe":2,"stat.pickup.quark.root_flower":1,"stat.craftItem.realistictorches.torch_unlit":28,"stat.pickup.minecraft.stone":1,"stat.drop.minecraft.sapling":1,"stat.craftItem.minecraft.iron_chestplate":2,"stat.pickup.minecraft.chicken":11,"stat.pickup.minecraft.sapling":8,"stat.pickup.minecraft.ladder":3,"stat.pickup.minecraft.cooked_beef":1,"stat.pickup.minecraft.apple":1,"stat.craftItem.minecraft.bucket":1,"stat.mineBlock.minecraft.stonebrick":5,"stat.craftItem.minecraft.planks":504,"stat.useItem.minecraft.iron_sword":12,"stat.killEntity.Chicken":12,"stat.mobKills":121,"stat.mineBlock.minecraft.log":152,"stat.craftItem.minecraft.shears":1,"stat.craftItem.minecraft.fence":6,"stat.drop.cgm.basic_ammo":1,"stat.craftItem.minecraft.cooked_chicken":7,"stat.useItem.minecraft.boat":2,"stat.pickup.minecraft.water_bucket":1,"stat.pickup.minecraft.diamond":7,"stat.mineBlock.minecraft.leaves":57,"stat.pickup.minecraft.torch":6,"stat.pickup.minecraft.red_flower":4,"stat.sneakTime":22972,"stat.pickup.minecraft.wool":5,"stat.drop.minecraft.bucket":1,"stat.drop.minecraft.yellow_flower":1,"stat.pickup.minecraft.yellow_flower":1,"stat.mineBlock.minecraft.stone":310}