{"stat.drop.minecraft.wooden_pickaxe":1,"stat.useItem.minecraft.iron_axe":5,"stat.pickup.minecraft.gravel":18,"stat.leaveGame":5,"stat.mineBlock.minecraft.cobblestone":25,"stat.craftItem.minecraft.cooked_porkchop":12,"stat.pickup.minecraft.flint":1,"stat.jump":875,"stat.swimOneCm":2615,"stat.pickup.minecraft.coal":49,"stat.fallOneCm":11881,"stat.useItem.minecraft.planks":191,"stat.climbOneCm":1525,"stat.pickup.minecraft.iron_ingot":1,"stat.useItem.minecraft.stone_axe":184,"stat.pickup.minecraft.porkchop":12,"stat.crouchOneCm":20395,"stat.craftItem.minecraft.iron_ingot":12,"stat.pickup.minecraft.dirt":8,"stat.useItem.minecraft.stone_slab2":77,"stat.craftingTableInteraction":16,"stat.pickup.minecraft.iron_ore":22,"stat.pickup.minecraft.rotten_flesh":10,"stat.craftItem.minecraft.furnace":1,"stat.useItem.minecraft.sapling":1,"stat.useItem.minecraft.egg":4,"stat.craftItem.minecraft.stone_axe":3,"stat.pickup.minecraft.wooden_pickaxe":1,"stat.mineBlock.minecraft.log2":7,"stat.pickup.minecraft.feather":18,"stat.damageTaken":1060,"stat.craftItem.minecraft.wooden_button":1,"stat.craftItem.minecraft.stone_pickaxe":2,"stat.mineBlock.minecraft.red_flower":3,"stat.mineBlock.minecraft.furnace":1,"stat.useItem.minecraft.wooden_pickaxe":31,"stat.pickup.minecraft.cobblestone":150,"stat.pickup.minecraft.log2":6,"stat.drop.minecraft.fence":2,"stat.pickup.minecraft.planks":27,"stat.craftItem.minecraft.stone_sword":2,"stat.flyOneCm":100373,"stat.pickup.minecraft.wheat_seeds":1,"stat.pickup.minecraft.oak_stairs":1,"stat.mineBlock.minecraft.gravel":4,"stat.useItem.minecraft.stone_pickaxe":168,"stat.useItem.minecraft.stone_sword":39,"stat.pickup.quark.tallow":11,"stat.damageDealt":3955,"stat.mineBlock.minecraft.iron_ore":22,"stat.timeSinceDeath":46283,"stat.craftItem.minecraft.oak_stairs":8,"stat.craftItem.minecraft.wooden_pickaxe":2,"stat.killEntity.Pig":5,"stat.pickup.minecraft.mutton":28,"stat.walkOneCm":132990,"stat.pickup.minecraft.stick":18,"stat.drop.minecraft.rotten_flesh":6,"stat.pickup.minecraft.crafting_table":4,"stat.useItem.minecraft.oak_stairs":7,"stat.useItem.minecraft.cobblestone":156,"stat.craftItem.minecraft.crafting_table":2,"stat.furnaceInteraction":16,"stat.drop.minecraft.dirt":7,"stat.useItem.minecraft.gravel":4,"stat.useItem.minecraft.lava_bucket":70,"stat.mineBlock.minecraft.coal_ore":49,"stat.pickup.minecraft.log":103,"stat.useItem.minecraft.cooked_mutton":7,"stat.pickup.minecraft.furnace":1,"stat.craftItem.minecraft.stone_slab2":0,"stat.drop.minecraft.sapling":1,"stat.craftItem.minecraft.iron_chestplate":1,"stat.pickup.minecraft.chicken":9,"stat.pickup.minecraft.sapling":6,"stat.sprintOneCm":156407,"stat.useItem.minecraft.fence":4,"stat.pickup.minecraft.ladder":3,"stat.craftItem.minecraft.stick":36,"stat.craftItem.minecraft.planks":412,"stat.killEntity.Chicken":10,"stat.mineBlock.minecraft.crafting_table":3,"stat.killEntity.Husk":1,"stat.mobKills":46,"stat.mineBlock.minecraft.log":103,"stat.entityKilledBy.Creeper":2,"stat.craftItem.minecraft.fence":6,"stat.mineBlock.minecraft.oak_stairs":1,"stat.mineBlock.minecraft.planks":15,"stat.deaths":2,"stat.drop":17,"stat.mineBlock.minecraft.leaves":25,"stat.pickup.minecraft.egg":4,"stat.playOneMinute":80804,"stat.killEntity.Sheep":22,"stat.pickup.minecraft.red_flower":3,"stat.useItem.minecraft.ladder":3,"stat.sneakTime":7878,"stat.killEntity.Zombie":8,"stat.mineBlock.minecraft.stone":98,"stat.mineBlock.minecraft.tallgrass":13,"stat.craftItem.minecraft.cooked_mutton":25}