{"stat.useItem.minecraft.bow":86,"stat.useItem.minecraft.iron_axe":61,"stat.leaveGame":6,"stat.mineBlock.minecraft.cobblestone":62,"stat.pickup.minecraft.flint":4,"stat.swimOneCm":15364,"stat.useItem.minecraft.planks":245,"stat.climbOneCm":26494,"stat.mineBlock.minecraft.web":7,"stat.pickup.minecraft.cooked_porkchop":24,"stat.pickup.minecraft.porkchop":24,"stat.mineBlock.quark.roots":1,"stat.useItem.minecraft.dirt":1,"stat.useItem.minecraft.stone_slab2":88,"stat.pickup.minecraft.rotten_flesh":21,"stat.craftItem.minecraft.furnace":2,"stat.useItem.minecraft.egg":4,"stat.craftItem.minecraft.stone_axe":4,"stat.craftItem.minecraft.iron_boots":1,"stat.pickup.minecraft.bucket":2,"stat.craftItem.minecraft.stone_pickaxe":4,"stat.pickup.minecraft.cobblestone":382,"stat.drop.minecraft.fence":2,"stat.craftItem.minecraft.stone_sword":3,"stat.flyOneCm":251461,"stat.drop.minecraft.wheat_seeds":1,"stat.pickup.quark.tallow":17,"stat.mineBlock.minecraft.iron_ore":91,"stat.timeSinceDeath":57996,"stat.useItem.minecraft.iron_pickaxe":179,"stat.craftItem.minecraft.wooden_pickaxe":3,"stat.pickup.minecraft.mutton":56,"stat.drop.minecraft.cooked_mutton":16,"stat.craftItem.minecraft.bed":1,"stat.useItem.minecraft.oak_stairs":7,"stat.furnaceInteraction":27,"stat.drop.minecraft.dirt":11,"stat.mineBlock.minecraft.rail":1,"stat.pickup.minecraft.iron_shovel":1,"stat.useItem.minecraft.cooked_porkchop":1,"stat.mineBlock.minecraft.coal_ore":144,"stat.pickup.realistictorches.torch_unlit":28,"stat.talkedToVillager":4,"stat.drop.minecraft.red_flower":1,"stat.pickup.minecraft.string":7,"stat.pickup.cgm.advanced_ammo":64,"stat.pickup.minecraft.beef":30,"stat.useItem.minecraft.cooked_mutton":14,"stat.pickup.minecraft.furnace":1,"stat.craftItem.minecraft.stone_slab2":0,"stat.sprintOneCm":337168,"stat.pickup.minecraft.iron_chestplate":1,"stat.useItem.minecraft.fence":4,"stat.craftItem.minecraft.stick":60,"stat.mineBlock.minecraft.diamond_ore":3,"stat.mineBlock.minecraft.crafting_table":6,"stat.killEntity.Husk":3,"stat.entityKilledBy.Creeper":2,"stat.mineBlock.minecraft.oak_stairs":1,"stat.mineBlock.minecraft.planks":16,"stat.deaths":6,"stat.drop":45,"stat.pickup.minecraft.egg":4,"stat.playOneMinute":184811,"stat.craftItem.minecraft.wooden_shovel":1,"stat.killEntity.Sheep":36,"stat.useItem.minecraft.ladder":3,"stat.craftItem.minecraft.iron_pickaxe":1,"stat.killEntity.Zombie":29,"stat.mineBlock.minecraft.tallgrass":21,"stat.craftItem.minecraft.cooked_mutton":25,"stat.diveOneCm":28630,"stat.pickup.minecraft.cooked_mutton":40,"stat.chestOpened":4,"stat.drop.minecraft.wooden_pickaxe":3,"stat.pickup.minecraft.gravel":26,"stat.pickup.minecraft.iron_sword":1,"stat.pickup.minecraft.arrow":170,"stat.craftItem.minecraft.cooked_porkchop":12,"stat.useItem.minecraft.apple":1,"stat.jump":1848,"stat.pickup.minecraft.coal":145,"stat.fallOneCm":31508,"stat.pickup.minecraft.iron_ingot":6,"stat.useItem.minecraft.stone_axe":228,"stat.crouchOneCm":39366,"stat.pickup.minecraft.rail":3,"stat.craftItem.minecraft.iron_ingot":38,"stat.pickup.minecraft.dirt":20,"stat.craftItem.minecraft.iron_helmet":1,"stat.craftingTableInteraction":32,"stat.pickup.minecraft.iron_ore":91,"stat.boatOneCm":382370,"stat.useItem.minecraft.sapling":1,"stat.pickup.minecraft.iron_axe":2,"stat.pickup.minecraft.wooden_pickaxe":2,"stat.mineBlock.minecraft.log2":7,"stat.pickup.minecraft.feather":35,"stat.damageTaken":2532,"stat.pickup.minecraft.leather":16,"stat.craftItem.minecraft.wooden_button":1,"stat.mineBlock.minecraft.red_flower":3,"stat.mineBlock.minecraft.furnace":1,"stat.mineBlock.minecraft.torch":4,"stat.useItem.minecraft.wooden_pickaxe":44,"stat.pickup.minecraft.log2":6,"stat.pickup.minecraft.planks":93,"stat.pickup.minecraft.reeds":9,"stat.pickup.minecraft.wheat_seeds":2,"stat.pickup.minecraft.oak_stairs":3,"stat.drop.cgm.rifle":1,"stat.mineBlock.minecraft.gravel":12,"stat.useItem.minecraft.stone_pickaxe":381,"stat.useItem.minecraft.stone_sword":46,"stat.craftItem.minecraft.iron_leggings":1,"stat.damageDealt":8360,"stat.craftItem.minecraft.oak_stairs":8,"stat.killEntity.Cow":15,"stat.mineBlock.minecraft.dirt":5,"stat.killEntity.Pig":8,"stat.pickup.minecraft.boat":2,"stat.walkOneCm":329887,"stat.useItem.minecraft.torch":4,"stat.pickup.minecraft.stick":33,"stat.drop.minecraft.rotten_flesh":7,"stat.pickup.minecraft.crafting_table":7,"stat.useItem.minecraft.cobblestone":205,"stat.craftItem.minecraft.crafting_table":4,"stat.useItem.minecraft.gravel":4,"stat.mineBlock.minecraft.double_plant":1,"stat.useItem.minecraft.lava_bucket":109,"stat.pickup.cgm.rifle":1,"stat.craftItem.minecraft.boat":1,"stat.pickup.minecraft.log":133,"stat.pickup.minecraft.iron_pickaxe":2,"stat.craftItem.realistictorches.torch_unlit":28,"stat.pickup.minecraft.stone":1,"stat.drop.minecraft.sapling":1,"stat.craftItem.minecraft.iron_chestplate":2,"stat.pickup.minecraft.chicken":11,"stat.pickup.minecraft.sapling":7,"stat.pickup.minecraft.ladder":3,"stat.pickup.minecraft.cooked_beef":1,"stat.pickup.minecraft.apple":1,"stat.craftItem.minecraft.bucket":1,"stat.craftItem.minecraft.planks":504,"stat.useItem.minecraft.iron_sword":12,"stat.killEntity.Chicken":12,"stat.mobKills":112,"stat.mineBlock.minecraft.log":134,"stat.craftItem.minecraft.shears":1,"stat.craftItem.minecraft.fence":6,"stat.drop.cgm.basic_ammo":1,"stat.craftItem.minecraft.cooked_chicken":7,"stat.useItem.minecraft.boat":2,"stat.pickup.minecraft.diamond":3,"stat.mineBlock.minecraft.leaves":48,"stat.pickup.minecraft.torch":4,"stat.pickup.minecraft.red_flower":4,"stat.sneakTime":20312,"stat.pickup.minecraft.wool":5,"stat.drop.minecraft.yellow_flower":1,"stat.pickup.minecraft.yellow_flower":1,"stat.mineBlock.minecraft.stone":294}