{"stat.useItem.minecraft.bow":86,"stat.useItem.minecraft.iron_axe":61,"stat.leaveGame":6,"stat.mineBlock.minecraft.cobblestone":61,"stat.pickup.minecraft.flint":2,"stat.swimOneCm":12261,"stat.useItem.minecraft.planks":245,"stat.climbOneCm":26494,"stat.pickup.minecraft.cooked_porkchop":24,"stat.pickup.minecraft.porkchop":24,"stat.useItem.minecraft.dirt":1,"stat.useItem.minecraft.stone_slab2":84,"stat.pickup.minecraft.rotten_flesh":21,"stat.craftItem.minecraft.furnace":1,"stat.useItem.minecraft.egg":4,"stat.craftItem.minecraft.stone_axe":4,"stat.craftItem.minecraft.stone_pickaxe":3,"stat.pickup.minecraft.cobblestone":231,"stat.drop.minecraft.fence":2,"stat.craftItem.minecraft.stone_sword":3,"stat.flyOneCm":226818,"stat.drop.minecraft.wheat_seeds":1,"stat.pickup.quark.tallow":17,"stat.mineBlock.minecraft.iron_ore":59,"stat.timeSinceDeath":21096,"stat.useItem.minecraft.iron_pickaxe":168,"stat.craftItem.minecraft.wooden_pickaxe":3,"stat.pickup.minecraft.mutton":53,"stat.drop.minecraft.cooked_mutton":16,"stat.craftItem.minecraft.bed":1,"stat.useItem.minecraft.oak_stairs":7,"stat.furnaceInteraction":21,"stat.drop.minecraft.dirt":11,"stat.pickup.minecraft.iron_shovel":1,"stat.useItem.minecraft.cooked_porkchop":1,"stat.mineBlock.minecraft.coal_ore":132,"stat.pickup.realistictorches.torch_unlit":28,"stat.drop.minecraft.red_flower":1,"stat.pickup.cgm.advanced_ammo":64,"stat.pickup.minecraft.beef":22,"stat.useItem.minecraft.cooked_mutton":13,"stat.pickup.minecraft.furnace":1,"stat.craftItem.minecraft.stone_slab2":0,"stat.sprintOneCm":284002,"stat.pickup.minecraft.iron_chestplate":1,"stat.useItem.minecraft.fence":4,"stat.craftItem.minecraft.stick":60,"stat.mineBlock.minecraft.crafting_table":5,"stat.killEntity.Husk":3,"stat.entityKilledBy.Creeper":2,"stat.mineBlock.minecraft.oak_stairs":1,"stat.mineBlock.minecraft.planks":16,"stat.deaths":6,"stat.drop":44,"stat.pickup.minecraft.egg":4,"stat.playOneMinute":147911,"stat.craftItem.minecraft.wooden_shovel":1,"stat.killEntity.Sheep":34,"stat.useItem.minecraft.ladder":3,"stat.killEntity.Zombie":29,"stat.mineBlock.minecraft.tallgrass":20,"stat.craftItem.minecraft.cooked_mutton":25,"stat.diveOneCm":28024,"stat.pickup.minecraft.cooked_mutton":40,"stat.drop.minecraft.wooden_pickaxe":3,"stat.pickup.minecraft.gravel":18,"stat.pickup.minecraft.iron_sword":1,"stat.pickup.minecraft.arrow":170,"stat.craftItem.minecraft.cooked_porkchop":12,"stat.useItem.minecraft.apple":1,"stat.jump":1686,"stat.pickup.minecraft.coal":132,"stat.fallOneCm":27005,"stat.pickup.minecraft.iron_ingot":6,"stat.useItem.minecraft.stone_axe":217,"stat.crouchOneCm":35137,"stat.craftItem.minecraft.iron_ingot":12,"stat.pickup.minecraft.dirt":20,"stat.craftingTableInteraction":24,"stat.pickup.minecraft.iron_ore":59,"stat.boatOneCm":76551,"stat.useItem.minecraft.sapling":1,"stat.pickup.minecraft.iron_axe":2,"stat.pickup.minecraft.wooden_pickaxe":2,"stat.mineBlock.minecraft.log2":7,"stat.pickup.minecraft.feather":35,"stat.damageTaken":2482,"stat.pickup.minecraft.leather":13,"stat.craftItem.minecraft.wooden_button":1,"stat.mineBlock.minecraft.red_flower":3,"stat.mineBlock.minecraft.furnace":1,"stat.useItem.minecraft.wooden_pickaxe":44,"stat.pickup.minecraft.log2":6,"stat.pickup.minecraft.planks":93,"stat.pickup.minecraft.reeds":9,"stat.pickup.minecraft.wheat_seeds":2,"stat.pickup.minecraft.oak_stairs":3,"stat.drop.cgm.rifle":1,"stat.mineBlock.minecraft.gravel":4,"stat.useItem.minecraft.stone_pickaxe":192,"stat.useItem.minecraft.stone_sword":39,"stat.damageDealt":7610,"stat.craftItem.minecraft.oak_stairs":8,"stat.killEntity.Cow":10,"stat.mineBlock.minecraft.dirt":5,"stat.killEntity.Pig":8,"stat.pickup.minecraft.boat":1,"stat.walkOneCm":286301,"stat.pickup.minecraft.stick":33,"stat.drop.minecraft.rotten_flesh":7,"stat.pickup.minecraft.crafting_table":6,"stat.useItem.minecraft.cobblestone":178,"stat.craftItem.minecraft.crafting_table":4,"stat.useItem.minecraft.gravel":4,"stat.mineBlock.minecraft.double_plant":1,"stat.useItem.minecraft.lava_bucket":109,"stat.pickup.cgm.rifle":1,"stat.craftItem.minecraft.boat":1,"stat.pickup.minecraft.log":133,"stat.pickup.minecraft.iron_pickaxe":2,"stat.craftItem.realistictorches.torch_unlit":28,"stat.drop.minecraft.sapling":1,"stat.craftItem.minecraft.iron_chestplate":1,"stat.pickup.minecraft.chicken":11,"stat.pickup.minecraft.sapling":7,"stat.pickup.minecraft.ladder":3,"stat.pickup.minecraft.cooked_beef":1,"stat.pickup.minecraft.apple":1,"stat.craftItem.minecraft.bucket":1,"stat.craftItem.minecraft.planks":504,"stat.useItem.minecraft.iron_sword":12,"stat.killEntity.Chicken":12,"stat.mobKills":104,"stat.mineBlock.minecraft.log":134,"stat.craftItem.minecraft.shears":1,"stat.craftItem.minecraft.fence":6,"stat.drop.cgm.basic_ammo":1,"stat.craftItem.minecraft.cooked_chicken":7,"stat.useItem.minecraft.boat":1,"stat.mineBlock.minecraft.leaves":48,"stat.pickup.minecraft.red_flower":4,"stat.sneakTime":18117,"stat.pickup.minecraft.wool":5,"stat.mineBlock.minecraft.stone":143}