{"stat.drop.minecraft.wooden_pickaxe":1,"stat.pickup.minecraft.gravel":11,"stat.leaveGame":5,"stat.mineBlock.minecraft.cobblestone":2,"stat.jump":346,"stat.swimOneCm":729,"stat.pickup.minecraft.coal":23,"stat.fallOneCm":4102,"stat.useItem.minecraft.planks":97,"stat.useItem.minecraft.stone_axe":92,"stat.crouchOneCm":7870,"stat.pickup.minecraft.dirt":1,"stat.useItem.minecraft.stone_slab2":4,"stat.craftingTableInteraction":2,"stat.pickup.minecraft.iron_ore":10,"stat.pickup.minecraft.rotten_flesh":2,"stat.useItem.minecraft.sapling":1,"stat.craftItem.minecraft.stone_axe":1,"stat.pickup.minecraft.feather":3,"stat.damageTaken":330,"stat.craftItem.minecraft.stone_pickaxe":1,"stat.mineBlock.minecraft.red_flower":2,"stat.useItem.minecraft.wooden_pickaxe":17,"stat.pickup.minecraft.cobblestone":75,"stat.pickup.minecraft.planks":14,"stat.craftItem.minecraft.stone_sword":1,"stat.flyOneCm":47558,"stat.useItem.minecraft.stone_pickaxe":91,"stat.useItem.minecraft.stone_sword":5,"stat.damageDealt":306,"stat.mineBlock.minecraft.iron_ore":10,"stat.timeSinceDeath":2653,"stat.craftItem.minecraft.wooden_pickaxe":1,"stat.pickup.minecraft.mutton":2,"stat.walkOneCm":39635,"stat.useItem.minecraft.cobblestone":8,"stat.craftItem.minecraft.crafting_table":2,"stat.mineBlock.minecraft.coal_ore":23,"stat.pickup.minecraft.log":62,"stat.drop.minecraft.sapling":1,"stat.pickup.minecraft.chicken":2,"stat.pickup.minecraft.sapling":6,"stat.sprintOneCm":45560,"stat.craftItem.minecraft.stick":12,"stat.craftItem.minecraft.planks":248,"stat.killEntity.Chicken":2,"stat.killEntity.Husk":1,"stat.mobKills":5,"stat.mineBlock.minecraft.log":62,"stat.entityKilledBy.Creeper":1,"stat.mineBlock.minecraft.planks":14,"stat.deaths":1,"stat.drop":2,"stat.mineBlock.minecraft.leaves":21,"stat.playOneMinute":32204,"stat.killEntity.Sheep":1,"stat.pickup.minecraft.red_flower":1,"stat.sneakTime":3103,"stat.killEntity.Zombie":1,"stat.mineBlock.minecraft.stone":73,"stat.mineBlock.minecraft.tallgrass":1}