{"stat.useItem.minecraft.bow":68,"stat.useItem.minecraft.iron_axe":24,"stat.leaveGame":6,"stat.mineBlock.minecraft.cobblestone":28,"stat.pickup.minecraft.flint":2,"stat.swimOneCm":4590,"stat.useItem.minecraft.planks":217,"stat.climbOneCm":20827,"stat.pickup.minecraft.cooked_porkchop":12,"stat.pickup.minecraft.porkchop":17,"stat.useItem.minecraft.stone_slab2":78,"stat.pickup.minecraft.rotten_flesh":12,"stat.craftItem.minecraft.furnace":1,"stat.useItem.minecraft.egg":4,"stat.craftItem.minecraft.stone_axe":3,"stat.craftItem.minecraft.stone_pickaxe":2,"stat.pickup.minecraft.cobblestone":153,"stat.drop.minecraft.fence":2,"stat.craftItem.minecraft.stone_sword":2,"stat.flyOneCm":130176,"stat.pickup.quark.tallow":14,"stat.mineBlock.minecraft.iron_ore":22,"stat.timeSinceDeath":26615,"stat.useItem.minecraft.iron_pickaxe":10,"stat.craftItem.minecraft.wooden_pickaxe":2,"stat.pickup.minecraft.mutton":47,"stat.craftItem.minecraft.bed":1,"stat.useItem.minecraft.oak_stairs":7,"stat.furnaceInteraction":20,"stat.drop.minecraft.dirt":8,"stat.pickup.minecraft.iron_shovel":1,"stat.mineBlock.minecraft.coal_ore":56,"stat.drop.minecraft.red_flower":1,"stat.pickup.cgm.advanced_ammo":64,"stat.pickup.minecraft.beef":10,"stat.useItem.minecraft.cooked_mutton":12,"stat.pickup.minecraft.furnace":1,"stat.craftItem.minecraft.stone_slab2":0,"stat.sprintOneCm":174894,"stat.pickup.minecraft.iron_chestplate":1,"stat.useItem.minecraft.fence":4,"stat.craftItem.minecraft.stick":36,"stat.mineBlock.minecraft.crafting_table":3,"stat.killEntity.Husk":1,"stat.entityKilledBy.Creeper":2,"stat.mineBlock.minecraft.oak_stairs":1,"stat.mineBlock.minecraft.planks":16,"stat.deaths":3,"stat.drop":21,"stat.pickup.minecraft.egg":4,"stat.playOneMinute":111011,"stat.killEntity.Sheep":29,"stat.useItem.minecraft.ladder":3,"stat.killEntity.Zombie":21,"stat.mineBlock.minecraft.tallgrass":13,"stat.craftItem.minecraft.cooked_mutton":25,"stat.diveOneCm":2544,"stat.pickup.minecraft.cooked_mutton":18,"stat.drop.minecraft.wooden_pickaxe":1,"stat.pickup.minecraft.gravel":18,"stat.pickup.minecraft.iron_sword":1,"stat.craftItem.minecraft.cooked_porkchop":12,"stat.jump":1096,"stat.pickup.minecraft.coal":56,"stat.fallOneCm":14403,"stat.pickup.minecraft.iron_ingot":6,"stat.useItem.minecraft.stone_axe":184,"stat.crouchOneCm":26674,"stat.craftItem.minecraft.iron_ingot":12,"stat.pickup.minecraft.dirt":9,"stat.craftingTableInteraction":19,"stat.pickup.minecraft.iron_ore":22,"stat.useItem.minecraft.sapling":1,"stat.pickup.minecraft.iron_axe":1,"stat.pickup.minecraft.wooden_pickaxe":1,"stat.mineBlock.minecraft.log2":7,"stat.pickup.minecraft.feather":33,"stat.damageTaken":1598,"stat.pickup.minecraft.leather":6,"stat.craftItem.minecraft.wooden_button":1,"stat.mineBlock.minecraft.red_flower":3,"stat.mineBlock.minecraft.furnace":1,"stat.useItem.minecraft.wooden_pickaxe":31,"stat.pickup.minecraft.log2":6,"stat.pickup.minecraft.planks":92,"stat.pickup.minecraft.wheat_seeds":1,"stat.pickup.minecraft.oak_stairs":3,"stat.drop.cgm.rifle":1,"stat.mineBlock.minecraft.gravel":4,"stat.useItem.minecraft.stone_pickaxe":168,"stat.useItem.minecraft.stone_sword":39,"stat.damageDealt":5527,"stat.craftItem.minecraft.oak_stairs":8,"stat.killEntity.Cow":5,"stat.killEntity.Pig":7,"stat.walkOneCm":197491,"stat.pickup.minecraft.stick":33,"stat.drop.minecraft.rotten_flesh":6,"stat.pickup.minecraft.crafting_table":4,"stat.useItem.minecraft.cobblestone":163,"stat.craftItem.minecraft.crafting_table":2,"stat.useItem.minecraft.gravel":4,"stat.useItem.minecraft.lava_bucket":109,"stat.pickup.cgm.rifle":1,"stat.pickup.minecraft.log":108,"stat.pickup.minecraft.iron_pickaxe":1,"stat.craftItem.realistictorches.torch_unlit":28,"stat.drop.minecraft.sapling":1,"stat.craftItem.minecraft.iron_chestplate":1,"stat.pickup.minecraft.chicken":9,"stat.pickup.minecraft.sapling":6,"stat.pickup.minecraft.ladder":3,"stat.pickup.minecraft.cooked_beef":1,"stat.craftItem.minecraft.bucket":1,"stat.craftItem.minecraft.planks":412,"stat.useItem.minecraft.iron_sword":12,"stat.killEntity.Chicken":10,"stat.mobKills":79,"stat.mineBlock.minecraft.log":108,"stat.craftItem.minecraft.shears":1,"stat.craftItem.minecraft.fence":6,"stat.drop.cgm.basic_ammo":1,"stat.craftItem.minecraft.cooked_chicken":7,"stat.mineBlock.minecraft.leaves":27,"stat.pickup.minecraft.red_flower":4,"stat.sneakTime":14551,"stat.pickup.minecraft.wool":5,"stat.mineBlock.minecraft.stone":98}