{"stat.drop.minecraft.wooden_pickaxe":1,"stat.pickup.minecraft.gravel":18,"stat.leaveGame":5,"stat.mineBlock.minecraft.cobblestone":25,"stat.pickup.minecraft.flint":1,"stat.jump":661,"stat.swimOneCm":1919,"stat.pickup.minecraft.coal":25,"stat.fallOneCm":11277,"stat.useItem.minecraft.planks":100,"stat.useItem.minecraft.stone_axe":132,"stat.crouchOneCm":16715,"stat.pickup.minecraft.dirt":8,"stat.useItem.minecraft.stone_slab2":12,"stat.craftingTableInteraction":10,"stat.pickup.minecraft.iron_ore":14,"stat.pickup.minecraft.rotten_flesh":8,"stat.craftItem.minecraft.furnace":1,"stat.useItem.minecraft.sapling":1,"stat.craftItem.minecraft.stone_axe":2,"stat.pickup.minecraft.wooden_pickaxe":1,"stat.pickup.minecraft.feather":11,"stat.damageTaken":1040,"stat.craftItem.minecraft.stone_pickaxe":2,"stat.mineBlock.minecraft.red_flower":3,"stat.mineBlock.minecraft.furnace":1,"stat.useItem.minecraft.wooden_pickaxe":31,"stat.pickup.minecraft.cobblestone":146,"stat.pickup.minecraft.planks":25,"stat.craftItem.minecraft.stone_sword":2,"stat.flyOneCm":86655,"stat.mineBlock.minecraft.gravel":4,"stat.useItem.minecraft.stone_pickaxe":132,"stat.useItem.minecraft.stone_sword":39,"stat.damageDealt":2174,"stat.mineBlock.minecraft.iron_ore":14,"stat.timeSinceDeath":21983,"stat.craftItem.minecraft.wooden_pickaxe":2,"stat.pickup.minecraft.mutton":12,"stat.walkOneCm":85911,"stat.pickup.minecraft.stick":18,"stat.pickup.minecraft.crafting_table":4,"stat.useItem.minecraft.cobblestone":88,"stat.craftItem.minecraft.crafting_table":2,"stat.furnaceInteraction":6,"stat.drop.minecraft.dirt":7,"stat.useItem.minecraft.gravel":4,"stat.mineBlock.minecraft.coal_ore":25,"stat.pickup.minecraft.log":84,"stat.useItem.minecraft.cooked_mutton":5,"stat.pickup.minecraft.furnace":1,"stat.craftItem.minecraft.stone_slab2":0,"stat.drop.minecraft.sapling":1,"stat.pickup.minecraft.chicken":6,"stat.pickup.minecraft.sapling":6,"stat.sprintOneCm":95257,"stat.craftItem.minecraft.stick":36,"stat.craftItem.minecraft.planks":248,"stat.killEntity.Chicken":6,"stat.mineBlock.minecraft.crafting_table":3,"stat.killEntity.Husk":1,"stat.mobKills":25,"stat.mineBlock.minecraft.log":84,"stat.entityKilledBy.Creeper":2,"stat.mineBlock.minecraft.planks":14,"stat.deaths":2,"stat.drop":9,"stat.mineBlock.minecraft.leaves":24,"stat.pickup.minecraft.egg":4,"stat.playOneMinute":56504,"stat.killEntity.Sheep":12,"stat.pickup.minecraft.red_flower":3,"stat.sneakTime":6524,"stat.killEntity.Zombie":6,"stat.mineBlock.minecraft.stone":94,"stat.mineBlock.minecraft.tallgrass":9,"stat.craftItem.minecraft.cooked_mutton":8}