{"stat.walkOneCm":29294,"stat.drop.minecraft.wooden_pickaxe":1,"stat.pickup.minecraft.gravel":11,"stat.leaveGame":5,"stat.mineBlock.minecraft.cobblestone":2,"stat.useItem.minecraft.cobblestone":8,"stat.craftItem.minecraft.crafting_table":1,"stat.mineBlock.minecraft.coal_ore":23,"stat.pickup.minecraft.log":56,"stat.jump":265,"stat.pickup.minecraft.coal":23,"stat.fallOneCm":2059,"stat.useItem.minecraft.planks":97,"stat.useItem.minecraft.stone_axe":80,"stat.drop.minecraft.sapling":1,"stat.crouchOneCm":7049,"stat.pickup.minecraft.chicken":2,"stat.pickup.minecraft.sapling":6,"stat.pickup.minecraft.dirt":1,"stat.sprintOneCm":24957,"stat.useItem.minecraft.stone_slab2":4,"stat.craftItem.minecraft.stick":8,"stat.craftingTableInteraction":2,"stat.pickup.minecraft.iron_ore":10,"stat.pickup.minecraft.rotten_flesh":2,"stat.useItem.minecraft.sapling":1,"stat.craftItem.minecraft.planks":224,"stat.killEntity.Chicken":2,"stat.craftItem.minecraft.stone_axe":1,"stat.pickup.minecraft.feather":3,"stat.killEntity.Husk":1,"stat.craftItem.minecraft.stone_pickaxe":1,"stat.mineBlock.minecraft.red_flower":2,"stat.useItem.minecraft.wooden_pickaxe":17,"stat.pickup.minecraft.cobblestone":75,"stat.mobKills":5,"stat.mineBlock.minecraft.log":56,"stat.pickup.minecraft.planks":2,"stat.craftItem.minecraft.stone_sword":1,"stat.flyOneCm":29701,"stat.mineBlock.minecraft.planks":2,"stat.drop":2,"stat.mineBlock.minecraft.leaves":21,"stat.playOneMinute":26821,"stat.killEntity.Sheep":1,"stat.useItem.minecraft.stone_pickaxe":91,"stat.pickup.minecraft.red_flower":1,"stat.sneakTime":2747,"stat.useItem.minecraft.stone_sword":5,"stat.damageDealt":306,"stat.mineBlock.minecraft.iron_ore":10,"stat.killEntity.Zombie":1,"stat.timeSinceDeath":26821,"stat.craftItem.minecraft.wooden_pickaxe":1,"stat.mineBlock.minecraft.stone":73,"stat.mineBlock.minecraft.tallgrass":1,"stat.pickup.minecraft.mutton":2}