{"stat.chestOpened":2,"stat.craftItem.minecraft.stone_shovel":1,"stat.walkOneCm":134466,"stat.pickup.minecraft.stick":4,"stat.pickup.minecraft.wooden_axe":1,"stat.leaveGame":2,"stat.pickup.minecraft.crafting_table":4,"stat.useItem.minecraft.oak_stairs":2,"stat.pickup.minecraft.stone_axe":1,"stat.craftItem.minecraft.crafting_table":1,"stat.mineBlock.minecraft.coal_ore":3,"stat.talkedToVillager":2,"stat.pickup.minecraft.log":76,"stat.entityKilledBy.Pig":1,"stat.jump":395,"stat.swimOneCm":3337,"stat.pickup.minecraft.coal":3,"stat.fallOneCm":9371,"stat.useItem.minecraft.planks":23,"stat.pickup.minecraft.carrot":91,"stat.useItem.minecraft.stone_axe":102,"stat.pickup.minecraft.porkchop":4,"stat.crouchOneCm":10915,"stat.pickup.minecraft.chicken":4,"stat.pickup.minecraft.sapling":6,"stat.pickup.minecraft.dirt":113,"stat.useItem.minecraft.dirt":13,"stat.sprintOneCm":19910,"stat.useItem.minecraft.stone_slab2":15,"stat.craftItem.minecraft.stick":12,"stat.craftItem.minecraft.wooden_axe":1,"stat.craftingTableInteraction":6,"stat.pickup.minecraft.rotten_flesh":5,"stat.craftItem.minecraft.planks":64,"stat.killEntity.Chicken":5,"stat.craftItem.minecraft.stone_axe":1,"stat.mineBlock.minecraft.glass_pane":4,"stat.damageTaken":1164,"stat.mineBlock.minecraft.crafting_table":3,"stat.pickup.minecraft.feather":7,"stat.craftItem.minecraft.stone_pickaxe":2,"stat.useItem.minecraft.carrot":5,"stat.useItem.minecraft.wooden_pickaxe":59,"stat.mobKills":16,"stat.pickup.minecraft.cobblestone":149,"stat.mineBlock.minecraft.log":76,"stat.pickup.minecraft.planks":7,"stat.useItem.minecraft.stone_shovel":113,"stat.flyOneCm":43896,"stat.mineBlock.minecraft.planks":1,"stat.deaths":1,"stat.mineBlock.minecraft.snow_layer":9,"stat.mineBlock.minecraft.leaves":33,"stat.pickup.minecraft.egg":3,"stat.playOneMinute":28295,"stat.pickup.minecraft.oak_stairs":3,"stat.useItem.minecraft.stone_pickaxe":96,"stat.sneakTime":3579,"stat.killEntity.Villager":1,"stat.pickup.quark.tallow":12,"stat.damageDealt":2061,"stat.killEntity.Zombie":1,"stat.timeSinceDeath":21195,"stat.pickup.minecraft.snowball":18,"stat.useItem.minecraft.wooden_axe":45,"stat.mineBlock.minecraft.dirt":105,"stat.killEntity.Pig":6,"stat.craftItem.minecraft.wooden_pickaxe":1,"stat.mineBlock.minecraft.stone":151,"stat.mineBlock.minecraft.tallgrass":19,"stat.diveOneCm":6954}