{"stat.chestOpened":1,"stat.pickup.minecraft.log":6,"stat.flyOneCm":573,"stat.walkOneCm":21837,"stat.jump":33,"stat.swimOneCm":152,"stat.mineBlock.minecraft.leaves":5,"stat.playOneMinute":3444,"stat.craftItem.minecraft.planks":16,"stat.leaveGame":1,"stat.pickup.minecraft.carrot":47,"stat.mineBlock.minecraft.glass_pane":4,"stat.damageTaken":354,"stat.damageDealt":69,"stat.pickup.minecraft.stone_axe":1,"stat.timeSinceDeath":3444,"stat.sprintOneCm":1027,"stat.mineBlock.minecraft.log":6,"stat.talkedToVillager":2}