{"stat.chestOpened":2,"stat.craftItem.minecraft.stone_shovel":1,"stat.walkOneCm":182421,"stat.pickup.minecraft.stick":4,"stat.pickup.minecraft.wooden_axe":1,"stat.leaveGame":3,"stat.pickup.minecraft.crafting_table":6,"stat.useItem.minecraft.log":4,"stat.mineBlock.minecraft.cobblestone":8,"stat.useItem.minecraft.oak_stairs":2,"stat.useItem.minecraft.cobblestone":8,"stat.pickup.minecraft.stone_pickaxe":2,"stat.pickup.minecraft.stone_axe":1,"stat.craftItem.minecraft.crafting_table":1,"stat.mineBlock.minecraft.coal_ore":3,"stat.talkedToVillager":2,"stat.pickup.minecraft.log":198,"stat.entityKilledBy.Pig":1,"stat.jump":869,"stat.swimOneCm":8163,"stat.useItem.minecraft.sand":2,"stat.pickup.minecraft.coal":6,"stat.fallOneCm":28614,"stat.useItem.minecraft.planks":29,"stat.pickup.minecraft.carrot":130,"stat.useItem.minecraft.stone_axe":159,"stat.pickup.minecraft.porkchop":8,"stat.crouchOneCm":11618,"stat.pickup.minecraft.chicken":8,"stat.pickup.minecraft.sapling":20,"stat.pickup.minecraft.dirt":208,"stat.useItem.minecraft.dirt":13,"stat.sprintOneCm":51983,"stat.useItem.minecraft.stone_slab2":19,"stat.pickup.minecraft.apple":4,"stat.craftItem.minecraft.stick":12,"stat.craftItem.minecraft.wooden_axe":1,"stat.craftingTableInteraction":7,"stat.pickup.minecraft.rotten_flesh":10,"stat.pickup.minecraft.sand":3,"stat.craftItem.minecraft.planks":264,"stat.killEntity.Chicken":5,"stat.useItem.minecraft.snowball":56,"stat.useItem.minecraft.egg":3,"stat.craftItem.minecraft.stone_axe":1,"stat.mineBlock.minecraft.glass_pane":4,"stat.damageTaken":1584,"stat.mineBlock.minecraft.crafting_table":4,"stat.pickup.minecraft.feather":7,"stat.craftItem.minecraft.stone_pickaxe":2,"stat.useItem.minecraft.carrot":5,"stat.useItem.minecraft.wooden_pickaxe":59,"stat.mobKills":16,"stat.pickup.minecraft.cobblestone":296,"stat.mineBlock.minecraft.log":134,"stat.pickup.minecraft.planks":264,"stat.useItem.minecraft.stone_shovel":131,"stat.flyOneCm":140127,"stat.mineBlock.minecraft.planks":1,"stat.deaths":2,"stat.mineBlock.minecraft.snow_layer":28,"stat.pickup.minecraft.wheat_seeds":1,"stat.drop":1,"stat.mineBlock.minecraft.leaves":44,"stat.pickup.minecraft.egg":3,"stat.mineBlock.minecraft.sand":3,"stat.playOneMinute":44329,"stat.pickup.minecraft.oak_stairs":3,"stat.drop.minecraft.wheat_seeds":1,"stat.useItem.minecraft.stone_pickaxe":104,"stat.sneakTime":3711,"stat.killEntity.Villager":1,"stat.pickup.quark.tallow":22,"stat.damageDealt":2106,"stat.killEntity.Zombie":1,"stat.timeSinceDeath":6347,"stat.pickup.minecraft.snowball":56,"stat.useItem.minecraft.wooden_axe":45,"stat.mineBlock.minecraft.dirt":105,"stat.killEntity.Pig":6,"stat.craftItem.minecraft.wooden_pickaxe":1,"stat.mineBlock.minecraft.stone":151,"stat.mineBlock.minecraft.tallgrass":25,"stat.diveOneCm":13060}