{"stat.chestOpened":2,"stat.walkOneCm":90171,"stat.pickup.minecraft.stick":4,"stat.pickup.minecraft.wooden_axe":1,"stat.leaveGame":2,"stat.pickup.minecraft.crafting_table":2,"stat.useItem.minecraft.oak_stairs":2,"stat.pickup.minecraft.stone_axe":1,"stat.craftItem.minecraft.crafting_table":1,"stat.talkedToVillager":2,"stat.pickup.minecraft.log":16,"stat.entityKilledBy.Pig":1,"stat.jump":337,"stat.swimOneCm":2998,"stat.fallOneCm":7813,"stat.useItem.minecraft.planks":23,"stat.pickup.minecraft.carrot":91,"stat.useItem.minecraft.stone_axe":28,"stat.pickup.minecraft.porkchop":4,"stat.crouchOneCm":785,"stat.pickup.minecraft.chicken":4,"stat.pickup.minecraft.dirt":9,"stat.useItem.minecraft.dirt":4,"stat.sprintOneCm":19260,"stat.useItem.minecraft.stone_slab2":10,"stat.craftItem.minecraft.stick":4,"stat.craftItem.minecraft.wooden_axe":1,"stat.craftingTableInteraction":1,"stat.pickup.minecraft.rotten_flesh":5,"stat.craftItem.minecraft.planks":64,"stat.killEntity.Chicken":5,"stat.mineBlock.minecraft.glass_pane":4,"stat.damageTaken":1134,"stat.mineBlock.minecraft.crafting_table":1,"stat.pickup.minecraft.feather":7,"stat.useItem.minecraft.carrot":5,"stat.mobKills":14,"stat.mineBlock.minecraft.log":16,"stat.pickup.minecraft.planks":7,"stat.flyOneCm":41287,"stat.mineBlock.minecraft.planks":1,"stat.deaths":1,"stat.mineBlock.minecraft.leaves":5,"stat.pickup.minecraft.egg":3,"stat.playOneMinute":15695,"stat.pickup.minecraft.oak_stairs":3,"stat.sneakTime":410,"stat.killEntity.Villager":1,"stat.pickup.quark.tallow":12,"stat.damageDealt":1923,"stat.killEntity.Zombie":1,"stat.timeSinceDeath":8595,"stat.useItem.minecraft.wooden_axe":45,"stat.mineBlock.minecraft.dirt":1,"stat.killEntity.Pig":6,"stat.mineBlock.minecraft.tallgrass":19,"stat.diveOneCm":6900}